id,text,model,split,few_shot_condtion
a49a6f01-1ecc-4da0-b76b-f283f518fc60,Wir waren sehr zufrieden.,Llama70B,0,random
d6c3769c-e06a-4b05-8ccf-e1338af83856,"Das Essen war gut, aber der Service leider nicht.",Llama70B,0,random
3772b851-5f3f-49a4-b456-dd1e8878abf4,Viel zu teuer für das was man bekommt.,Llama70B,0,random
011243dc-960f-4c73-8d8c-3c6238011f63,Wir waren schon öfters hier.,Llama70B,0,random
63a89c9b-458a-466b-89c3-462b9f1b1833,Das Restaurant ist sehr empfehlenswert.,Llama70B,0,random
3f4e12a0-05ef-44ca-9ef5-5ebe9a884384,Wir kommen gerne wieder.,Llama70B,0,random
47274208-f4bd-4407-9eb5-f4d21c14807c,Das Ambiente war sehr gemütlich und der Service hervorragend.,Llama70B,0,random
9ee7c693-3403-4fd5-b0e1-85c196c156c8,Mit freundlichem Personal und einer ganz normalen Kuchenküche.,Llama70B,0,random
69c3503a-9820-444f-b2a1-b4c9184bb9a0,Die Atmosphäre ist gemütlich.,Llama70B,0,random
dc4808a8-e91c-41eb-b1a8-2f02b83bc025,"Dabei war der Service so ziemlich nicht vorhanden, es dauerte ewig bis man jemanden sah und dann wieder ewig bis einer kam.",Llama70B,0,random
bc429f65-29ef-40a5-8933-ba9b072234bb,"Zurück zum Service: sehr freundlich, aber unerfahren.",Llama70B,0,random
a1668f68-5761-4eab-ab1c-67213cfcc4ad,Gerichte eher durchschnittlich.,Llama70B,0,random
801f9523-72cf-48b1-aaae-45843fa4898c,Hier ist der Preis für die Qualität einfach zu hoch.,Llama70B,0,random
06df319f-2a0b-4ac7-825c-cf5bb063b5ac,Die Pizza war sehr gut.,Llama70B,0,random
d207fb53-3e84-4e13-afd3-f80ae5436ad7,Die Kalamari waren aber leider zu fettig.,Llama70B,0,random
2e654381-cc86-40cb-91a7-86d5c215aebf,"Wir hatten Tapas, die waren allesamt gut, aber nichts Besonderes.",Llama70B,0,random
83069a96-8878-445a-bcb3-94c4257aab5e,"Das Preisniveau ist okay, aber es gibt auch bessere Pizzerien in Karlsruhe.",Llama70B,0,random
74feda28-4d9d-47e8-8c7a-c06b44952160,Wir waren sehr enttäuscht.,Llama70B,0,random
f436c400-c8b4-4d50-8648-073dba13775c,Ein ausgeglichener Abend mit guten und weniger guten Momenten.,Llama70B,0,random
9fb67685-1b8f-4c2d-ac69-d2ea88a4ed02,Eine schöne Atmosphäre hat es auch.,Llama70B,0,random
3a500ea0-4aa5-4dbb-88fb-23e206c6a59e,"Wenn man sich aber auf die Kölsche Art einlässt, ist dies ein schönes Lokal.",Llama70B,0,random
193d52e9-b0db-47dc-8af6-5c5784671ded,"Ein schönes Ambiente, das man so bald nicht wieder findet.",Llama70B,0,random
df98a93a-1111-4541-b284-b92e64ac0cc8,Die Atmosphäre war sehr laut und die Speisen nicht zu empfehlen.,Llama70B,0,random
c6b1ffe2-654e-4c1f-94cc-e51917ab8e54,"Das Essen war ok, aber nichts Besonderes.",Llama70B,0,random
5c0c787c-9474-468b-adfa-31a16d583522,Das Personal war sehr freundlich.,Llama70B,0,random
1fe3a92e-d989-4ff6-8e2f-c33aba18af9f,"Das Essen war leider nicht so gut wie das Personal, welches immer freundlich und zuvorkommend ist.",Llama70B,0,random
27f7faab-c98b-48cd-a90f-0e2095a03bc6,Für die Qualität ist das Restaurant zu teuer.,Llama70B,0,random
372d0c34-ff09-4456-87fd-fb8db4e100f4,"Der Preis war sehr hoch, die Bedienung sehr langsam.",Llama70B,0,random
20509ef6-c903-485f-bede-b0fc83d3bb98,Noch dazu rochen wir sehr unangenehm nach Frittierfett.,Llama70B,0,random
47211345-e040-43de-9154-fed0ae4f3b0c,"Wir waren dort zum ersten Mal und es hat uns sehr gut gefallen, auch wenn die Atmosphäre nicht so toll war.",Llama70B,0,random
b00f2917-0523-488a-85ac-4f829638a883,"Besuch war nicht schlecht, aber auch nicht der Hammer und das Essen war auch nicht gerade billig.",Llama70B,0,random
d37aaec5-e10e-4d01-accf-794585ab49ed,Der Preis ist angemessen und für eine große Auswahl an Getränken.,Llama70B,0,random
8aea11e7-4606-44d1-9318-0ef56a6d1a1c,"Preis ist ok, Ambiente nicht wirklich.",Llama70B,0,random
ca4e6f13-8bc2-4d5f-bff5-9fc24b79d3ba,Alles in allem ein sehr angenehmes Restaurant mit einer guten Küche.,Llama70B,0,random
0bf06a37-9cd8-4ae1-bb97-017046ee59f4,"Nicht nur das Essen ist ein Desaster, sondern auch die Bedienung.",Llama70B,0,random
92466ace-2b26-4506-903c-ea30899a23ae,Das Restaurant ist nicht mehr wie früher.,Llama70B,0,random
141d508f-ffed-47b7-9db7-e410d5033a69,"Ambiente sehr schön, Rest nicht.",Llama70B,0,random
a94b668a-59f8-4b11-9e25-983c4eb6f8ab,Zum Preis war das alles in Ordnung.,Llama70B,0,random
fe1c8b3d-104a-412b-bcb0-6e1b22e3013c,Die Kaffeepreise sind echt absurd.,Llama70B,0,random
1495609d-1f82-40c7-84bf-47d4fdc69e45,"Nur das Preis-Leistungsverhältnis ist in Ordnung, aber die Pizza, das Ambiente und der Service ist nichts wert.",Llama70B,0,random
795889f5-8789-4bef-a5d2-205812774725,"Die Pizza war auch nicht besonders gut, dafür zu dünn und ohne Geschmack.",Llama70B,0,random
337b0ad0-fe4b-4d5a-96ce-a03fd1a68cfa,"Die Einrichtung ist sehr gemütlich, das Personal freundlich und aufmerksam.",Llama70B,0,random
a88b7210-e4b2-46d1-ab33-65966466c2c1,Die Atmosphäre ist nicht so angenehm.,Llama70B,0,random
71320131-0766-4049-ad80-96a136551e84,"Das Essen war gut, aber nichts Außergewöhnliches und auch zu teuer.",Llama70B,0,random
cacd0220-392c-4114-be6b-022288b700a4,"Das Essen ist zwar gut, aber leider zu teuer.",Llama70B,0,random
87951a52-edd1-4838-b796-f4406f9ecc2a,Top Service und tolles Essen.,Llama70B,0,random
332a6e62-e193-46f5-bb83-286f9eac0ec7,"Es ist schade, dass sich das Restaurant in den letzten Jahren so zu einem typischen Kettenrestaurant entwickelt hat.",Llama70B,0,random
089c12cf-5a77-4c2f-8a07-58f137944455,"Ruhe, Atmosphäre, gutes Essen und netter Service.",Llama70B,0,random
e103e8c5-51b7-4163-9b38-1a5b09adb236,Wir warten auf unsern Kellner und können uns nur anschauen wie die anderen Gäste bedient werden.,Llama70B,0,random
f607aa69-0847-4c10-8883-7e572584bb81,"Das Essen war für mich nur OK, aber nichts Besonderes.",Llama70B,0,random
fa12d4bc-383e-4f62-8c6e-9831c5704620,"Es gibt vieles zu entdecken und man kann sich auch für Gerichte anregen lassen, die man sonst nie bestellt hätte.",Llama70B,0,random
13e47d7b-ff08-48d4-aa59-1a0a8a666cd1,"Super Service, tolles Ambiente.",Llama70B,0,random
e5d91f68-21a1-4803-b935-8aabe17b7af6,Das Personal war freundlich aber nicht übermässig.,Llama70B,0,random
1a5fe933-9403-4447-b1a9-8673782887ab,"Wir können nichts über die Qualität des Essens sagen, da wir nur den Kaffee tranken.",Llama70B,0,random
e928c31e-002d-461d-9305-ddec52f2f4a0,Für den Preis bekommt man ein sehr gutes Essen.,Llama70B,0,random
d109f5ac-7d0e-4a7c-bef8-6e952ad5dea0,"Das Ambiente ist eher einfach, aber gemütlich.",Llama70B,0,random
c6803af3-b84e-4294-8e01-1a8e53d4ccb4,Das Restaurant ist nicht mehr so gut wie früher.,Llama70B,0,random
88a8e368-2335-463a-ae28-9d6f58af790b,"Nicht schlecht, aber auch nicht so toll.",Llama70B,0,random
a5d28a2f-403a-4c97-9483-b26b12b7e4a4,"Wir hatten die Pizza mit Ziegenkäse, die war sehr schön.",Llama70B,0,random
37b01e67-a58c-493f-90f7-658e2fa5a461,Ein Service wie aus einem anderen Zeitalter.,Llama70B,0,random
d185a681-dddf-48f8-8e07-6a36109b1f09,"Kommt man vorbei und sieht das Personal in der Küche herumstehen, kommt man lieber nicht rein.",Llama70B,0,random
7df22407-1402-4de7-ae4d-f1ac538fccd1,"Wir hatten die Pizza mit der Preis, die war sehr klein und das Brot war so hart, dass man es kaum essen konnte.",Llama70B,0,random
cd52f76e-47c4-4d5a-8e58-0a2445f314b2,Das Personal war nicht freundlich.,Llama70B,0,random
c2793b86-5480-4a47-935f-8a3fd32732e0,Die Bedienung war freundlich und die Wartezeit nicht zu lang.,Llama70B,0,random
1c19f920-e8ad-4ca5-a087-05610ed7cb54,Aber der Service ist wirklich erbärmlich.,Llama70B,0,random
77ccc9a1-cfbf-40e1-960c-863687fbbc88,Ein Essen für den guten Geschmack.,Llama70B,0,random
e0d6dcb0-0d8c-4530-b99b-c142e39d1511,Das Personal ist sehr unfreundlich und hat keine Ahnung von Kaffee.,Llama70B,0,random
2f72427a-24ce-41f5-8d6d-590002ab1265,Das Essen war lecker und der Kaffee auch.,Llama70B,0,random
7faa4433-2df6-49cc-8a26-0a8017f0b4c2,"Ein Ambiente, das ich persönlich nicht mag.",Llama70B,0,random
812dd9fe-9977-4102-abfd-665c55b73ba0,Leider zu teuer für das was man bekommt.,Llama70B,0,random
a092022f-bb23-4e8e-ae2b-54f7a47efcef,"Das Essen war sehr gut, der Service schnell und freundlich.",Llama70B,0,random
01e3462f-5fb9-47e3-99bb-870cba59052d,Der Lärm war ziemlich schlimm.,Llama70B,0,random
a22e4161-c0c0-488a-8d39-b0db30549d0b,Kellner war nicht freundlich und hat sich wenig um uns gekümmert.,Llama70B,0,random
64f9f69a-278c-4591-aef4-c15d7ffa2c75,Und das Essen war auch noch gut.,Llama70B,0,random
799bd697-ba96-41b8-ace9-e9063cfcfbd1,"Super Service, kein besonderes Ambiente und gutes Essen.",Llama70B,0,random
de30e0c8-ced7-4a78-bc3c-633d5b4dc753,"Das Essen war sehr schlecht, das Fleisch roh.",Llama70B,0,random
38c21dba-a2f7-4132-872d-0411ed6c04d1,"Wir hatten aber nur eine halbe Stunde Zeit und wären dann auch mit einem Service zufrieden gewesen, der uns nicht zum Abhauen zwingt.",Llama70B,0,random
7447d7dd-e0e3-41bb-b778-03dbe602076d,Und der Preis/Leistungsverhältnis ist auch noch in Ordnung.,Llama70B,0,random
ddc33217-fdd5-48ed-8852-7aaf7ea6b28e,Das Preisniveau ist angemessen.,Llama70B,0,random
6a9533e9-2ffa-4c4f-80ab-42c81f39ce6a,Das Essen war sehr schnell fertig.,Llama70B,0,random
47d23dbd-dfe6-407e-a432-a4482cb50ad6,Wir waren mit dem Preis und der Qualität sehr zufrieden.,Llama70B,0,random
e3d486c0-a63e-4ec6-a742-899e1af51e66,"Das Essen war okay, aber nichts Besonderes.",Llama70B,0,random
a7e7b69e-4af3-47c1-8f47-180fc2a18138,Das Essen war sehr lecker.,Llama70B,0,random
eae318a0-b723-414e-8f47-e25341f1b0bf,"Wir waren um 16 Uhr da, Preise sind ok.",Llama70B,0,random
3fa4c255-6223-4bef-89e6-341206e331dc,Wir waren mit der Qualität des Essens nicht zufrieden.,Llama70B,0,random
adc9947f-cbd5-4dd9-b564-90dc5fa1c8be,"Gute Qualität, aber nichts Besonderes.",Llama70B,0,random
5e5232cf-2a65-492b-864e-3f4e47e682ef,Ganz angenehme Preise.,Llama70B,0,random
ffdc85ae-58a0-4d21-af7e-301b232c9458,"Bier war gut, Fleisch nicht.",Llama70B,0,random
497070e0-50bb-4a17-a877-8b9daf929513,Die Speisen sind sehr einfach und uninspiriert.,Llama70B,0,random
b8cb5ac7-6661-4aeb-9426-d45dbf1efba8,Der Service war in Ordnung.,Llama70B,0,random
8fd8d046-23e8-440f-b9a6-465a0acbb176,Das Preis/Leistungsverhältnis ist gut.,Llama70B,0,random
f8fc47ca-ef10-47c1-b40f-41516d0aabfa,"Wir waren im LOC am LOC, wo wir auch schon öfters gewesen sind.",Llama70B,0,random
2086eded-1292-4ff3-86b5-d03f6b56b7ed,Alles in allem ein schlechter Abend.,Llama70B,0,random
74b6ceff-72fb-48b3-b0a3-37de8208e9b0,Wir waren mit unserer Familie (Kinder 10 und 7 Jahre) im LOC in der Atmosphäre des alten Münchner Wirtshauses.,Llama70B,0,random
f814cd35-a7ac-4b01-8472-cae2dacc02d6,Das Ambiente ist sehr schön.,Llama70B,0,random
3139bb10-6300-42eb-953e-95a078a998fb,Habe den Tiramisu genossen.,Llama70B,0,random
24142bec-ba6e-4085-a41f-1adef9499c4c,Der Essen war schlecht und die Atmosphäre eher laut.,Llama70B,0,random
d6840c9e-6bf2-481b-8b1e-d90a19dbe65c,Essen war gut und frisch.,Llama70B,0,random
4f52dac7-d062-46ab-b153-7f7c0dfebdff,Die Atmosphäre ist gemütlich.,Llama70B,0,random
f5c3d208-b246-4215-bf1d-1b5aebbea357,Das Essen war sehr schlecht.,Llama70B,0,random
fb28b5af-e952-4f38-8a68-4ed4670d3374,Aber der Preis für die Portion war zu hoch.,Llama70B,0,random
609bc78d-791c-4fb7-a774-7024b538f80e,Die Bedienung war sehr langsam.,Llama70B,0,random
7e6034e4-2361-4ff0-8f52-3734c6467fa8,Die Preise sind auch gut.,Llama70B,0,random
0978062f-7aba-410d-9fe5-72d4df20b785,Insgesamt ist der Schmuck des Restaurants sehr düster.,Llama70B,0,random
61e09bba-77fe-4d8d-804f-82adad26602e,"Unser Abend war sehr schön, auch wenn die Atmosphäre etwas abgeblasst und der Kuchen nicht so wie erwartet war.",Llama70B,0,random
f4203c98-4f7d-427e-9785-5608da6190fc,"Nicht zu teuer, aber auch kein Schnäppchen.",Llama70B,0,random
fa1871b3-2cff-4742-b0a4-25301e3907af,Das Preis-Leistungsverhältnis ist sehr schlecht.,Llama70B,0,random
5401a888-0c8f-473d-b1db-e4f4e815ca52,"Toll, alles frisch zubereitet und auch bei der Preis-Leistungsbeziehung ist alles in Ordnung.",Llama70B,0,random
ac2bc910-ed89-4bb6-8d53-1b760bf582b3,"Schade, dass es so gelaufen ist.",Llama70B,0,random
a5216492-ed45-4835-bf3d-3d16771b3ce7,Ein gutes Preis-Leistungsverhältnis für ein gutes Preis-Leistungsverhältnis.,Llama70B,0,random
328bf067-5ee9-4a65-8a2d-16124ad93339,Das Personal war unfreundlich und die Bedienung sehr langsam.,Llama70B,0,random
87e622e6-496d-4c93-ac2b-d87cc2fe5270,"Das Essen war nicht schlecht, aber auch nicht so gut wie ich es erwartet hatte.",Llama70B,0,random
37af44e5-9ebe-49e0-9e02-a4d191c8a4bb,Nicht so schlimm aber auch nicht wirklich gut.,Llama70B,0,random
2e14fe6f-f529-4950-912e-41cbca58003c,"Das Ambiente ist sehr angenehm, die Bedienung sehr freundlich und das Essen war ok.",Llama70B,0,random
f120679b-549b-4fd9-9bf0-c922ce09ff76,Ein Service wie aus einem anderen Universum.,Llama70B,0,random
e0732641-d659-4d50-9a91-cc1923cbc198,"Die Pizza war ganz schön dünn, aber dafür gut.",Llama70B,0,random
9ee4ccdf-aee9-4a87-a64a-8736f070ddeb,"Wir wurden sehr freundlich empfangen, der Service war perfekt.",Llama70B,0,random
7fe601ab-c91b-4568-9640-33fa2c775aa7,Die Küche ist nicht mehr das was sie mal war.,Llama70B,0,random
a695d6e6-dc83-4b38-9e57-f06faf9b1367,Das Essen war gut aber nichts besonderes.,Llama70B,0,random
551c392d-1472-45c3-a472-0d7aa6cb2078,"Der Service war gut, aber nichts Besonderes.",Llama70B,0,random
db42eae2-85a3-4226-9fe1-ac4d316a4497,Das Essen war gut und schnell serviert.,Llama70B,1,random
a7f6f49c-ab48-4b0f-9506-6fcb0f427ebb,Ein schöner Abend in einer ansonsten eher unattraktiven Umgebung.,Llama70B,1,random
a244fca7-b6a2-424d-85f2-37451c3acc80,"Nur so so, Ambiente und Essen gut.",Llama70B,1,random
58dc3ad7-11cc-4dea-a169-0ab5922fc8dd,Die Preise sind sehr angemessen.,Llama70B,1,random
551a53db-b83c-489f-b4b8-e9790a5a8571,Die Preise sind in keinster Weise gerechtfertigt.,Llama70B,1,random
c348477e-824c-4eb8-810b-81d538c7d753,Die Pizza war einfach nicht essbar.,Llama70B,1,random
e10dd190-9fce-42c1-9e53-3948daf399cd,Das Ambiente ist gemütlich und die Mitarbeiter freundlich.,Llama70B,1,random
f8339f28-e446-40d8-bd94-c46b7a50c6a0,Das Personal war freundlich und zuvorkommend.,Llama70B,1,random
d5f7eed9-c2bb-46ae-95de-e4094f6c120e,Ein Preis für die Qualität und Quantität ist mir aber zu hoch.,Llama70B,1,random
4e2067ab-fa82-4350-9a7c-39aeaa80e65b,"Eine schöne Karte, mit leckerem Essen.",Llama70B,1,random
58f46167-ba4a-43e5-86de-7c3845e1157f,Das LOC war schon besser als heute.,Llama70B,1,random
d073fa76-e83b-4230-9c96-2f2678848ace,"Das Bier war zwar auch von guter Qualität, aber für den Preis konnte man es schon etwas kühler servieren.",Llama70B,1,random
89d4a78e-ec33-4f38-a03e-a31241697d01,"Wir wollten uns nur ein Bier gönnen, aber der Service war so schlecht, dass wir lieber gegangen sind.",Llama70B,1,random
e1bdff6a-1df2-4393-ad3b-2380f2f4edff,"Ein Ambiente, das man sich gerne mal vorstellt, wenn es draußen kalt ist.",Llama70B,1,random
c757a02b-9a07-460a-b4e4-42ac309851f7,"Bei der Aufnahme der Bestellung hätte er sich schon etwas mehr Zeit nehmen können, denn die Kellnerin war schnell überfordert.",Llama70B,1,random
f6e88cf2-83d0-4cf4-ad67-309e0fa80751,Preis-Leistungsverhältnis ist einfach unzumutbar.,Llama70B,1,random
a2aa0275-b8ef-4e4a-bce5-f31fc8f7a80e,Die Kalbshaxen sind wirklich gut.,Llama70B,1,random
b32bcacf-df57-45b7-bf85-8e167b25aaf7,"Für 5,50 Euro bekommt man eine große Portion Pommes mit vielen Extras.",Llama70B,1,random
fe1e6dee-74f7-403c-98ed-515a366d72ea,"Das Personal war freundlich, das Lokal hingegen ziemlich schäbig.",Llama70B,1,random
bd75258c-bfbc-425c-b143-27a76da6806f,Super Ambiente.,Llama70B,1,random
eb0abaf7-0511-435d-b9b0-0fd8339594f8,Die Bedienung war sehr langsam und unfreundlich.,Llama70B,1,random
1213306d-6f30-4058-945e-eacaf37cffba,Wir waren sehr enttäuscht.,Llama70B,1,random
7d4aff18-b8bd-4a9f-bf05-ad5c8171024d,Wir waren mit 6 Personen und hatten unsere Tische im Garten reserviert.,Llama70B,1,random
9eb2e8c5-dcb5-4747-b197-305934e9dbfa,Wir werden auf jeden Fall wieder kommen.,Llama70B,1,random
205d1e2f-dec2-4eda-9b50-d649ded21649,Die Atmosphäre war auch sehr angenehm.,Llama70B,1,random
d84aaaa3-291a-440f-93ab-6b34f5a4b381,Die Atmosphäre und das Essen war sehr gut.,Llama70B,1,random
2fe8f0d2-6d98-42ef-aae7-a083ca1f55ae,Das Ambiente ist für mich nicht geeignet.,Llama70B,1,random
07823df9-b099-4533-a4be-367651ad86fd,Preis Leistung top.,Llama70B,1,random
541f44ae-4018-4160-8cc6-e9f9be89e728,"Nur die Pizza, welche wir probiert haben, war echt lecker.",Llama70B,1,random
97975485-a561-463c-9da9-b6f50f115879,Wir hatten ein gutes Essen in einer angenehmen Atmosphäre.,Llama70B,1,random
28c19af3-7061-41a3-9edc-e17ea2e78c7d,Die Food war lecker.,Llama70B,1,random
d6df0d06-7f57-43b0-928c-8ea40fb89af6,Das Essen war echt gut.,Llama70B,1,random
47f1d754-9d28-4f11-a75b-d3e27dcc27a0,Ein sehr gemütlicher und schöner Platz um die Zeit zu verbringen.,Llama70B,1,random
f8e51cfe-a145-4e6b-aeae-fd04ccb308bd,"Leider war das Essen nicht so gut wie erwartet, dafür aber der Service.",Llama70B,1,random
fa4136dd-2390-4782-9f73-3e10f72dd72e,"Das Ambiente ist schön, die Gerichte sind gut.",Llama70B,1,random
b57102de-5e7d-4b1d-b3ea-fe625287b984,Der Preis ist für die Größe der Portionen allerdings sehr hoch.Dazu war das Essen sehr gut und auch die Getränke waren sehr lecker.,Llama70B,1,random
06940d1b-7f85-478a-9b4a-7828a53da613,"Schöne Atmosphäre, sehr freundliches und zuvorkommendes Personal.",Llama70B,1,random
132fbe29-3035-45b1-bfa0-052920da8357,Die Speisen sind einfach nur lecker.,Llama70B,1,random
ae830f7f-ef5a-4cda-bcfa-7a66429ace24,Die Atmosphäre ist sehr schön.,Llama70B,1,random
4c36b83a-01de-485e-8251-d608e182a8bb,Nur die Speisen waren nicht sehr schmackhaft.,Llama70B,1,random
300b0dd1-452f-4b3a-ae0a-694e25d24f8e,Für das Preis/Leistungsverhältnis 4 von 5 Sternen.,Llama70B,1,random
23d4803b-f686-4737-aa52-98f9075cb94b,Alles in allem ein netter Abend.,Llama70B,1,random
65aecb93-354b-45fd-afb9-04ff3596a31a,"Das Ambiente ist sehr gemütlich und die Speisen, insbesondere der Fisch, sind wirklich gut.",Llama70B,1,random
5de33dea-efde-4b8d-a93b-66720f0ca0bc,Wir waren überrascht von der Preisgestaltung.,Llama70B,1,random
f7c3d068-270c-46e0-a4ff-457c6d65a844,Service war gut und schnell.,Llama70B,1,random
c1ccdafb-9dad-4507-952f-e842e19b8180,"Ein Restaurant mit einer schönen Location, das uns aber nicht überzeugen konnte.",Llama70B,1,random
1343f94a-b154-49c8-b4ea-44c479d03fbb,Aber wir hatten auch schon besseres Essen.,Llama70B,1,random
e15dad71-6827-4553-a616-eb67ae268379,Das Essen war nicht gut.,Llama70B,1,random
b8bbd908-c596-4220-9066-67034a86ae03,Der Preis für eine Tasse Kaffee ist unverschämt.,Llama70B,1,random
def11456-20ac-4858-8dee-10fd9aa9ea93,Das Ambiente ist nicht besonders ausgefallen.,Llama70B,1,random
5703fc4a-22ca-4f83-aac7-6e690950f844,Die Portionen sind klein.,Llama70B,1,random
6a8e8476-0d0c-4308-8874-6455b5166a82,Wir waren gestern Abend dort und hatten einen tollen Abend.,Llama70B,1,random
076b8b9a-aeff-48e8-bd98-f2e576cab2e7,Leider war der Raum ziemlich leer.,Llama70B,1,random
7d9c02e8-8291-435b-ae1b-91a2e8d3b122,Eine sehr angenehme Bedienung und eine gute Auswahl an Weinen.,Llama70B,1,random
3835d1ac-0dc1-4458-b4d7-978caf7f01ef,Sehr leckeres Essen.,Llama70B,1,random
64ec891e-af85-4544-b041-d7ac63f665fc,Für die Preisleistung aber eher zufrieden.,Llama70B,1,random
1e9cd734-54aa-49cb-bf28-a3acd50e7d71,"Für ein Essen, das sich auf der Speisekarte gar nicht so toll ankündigt, ist es aber sehr teuer.",Llama70B,1,random
b372841d-c442-423a-a4c2-da3d57308b96,Etwas zu teuer und das Service war nicht so gut.,Llama70B,1,random
dce713ec-5ab4-408a-bf6f-cf41050ad7e9,"Wir hatten uns ein Bier bestellt und waren dann schockiert, als der Preis mitgeteilt wurde.",Llama70B,1,random
0c6bfe49-22ba-4fd2-84eb-88dcf9ea9ad6,Der Käsekuchen war einfach nur schlecht.,Llama70B,1,random
9947724b-ff72-4726-b19e-15c7b407b678,"Wir waren in der Küche und hatten den Eindruck, dass die Ware nicht mehr ganz frisch war.",Llama70B,1,random
d0aecb80-b5e6-4895-bf98-226e9de56fee,Einzig der Service ist nicht so gut wie erhofft.,Llama70B,1,random
7145d13b-3fad-4fef-a006-c6149a93842b,Wir bestellten ein Tapas-Menü für 2 Personen.,Llama70B,1,random
3c7f842a-13c6-4e59-a711-193b10e07d8d,Die Bedienung war sehr freundlich und hilfsbereit.,Llama70B,1,random
688b0811-d415-4167-9e05-cba23e381231,Das Ambiente ist nicht so schön.,Llama70B,1,random
8d04fb46-ebb4-480c-a4e6-27528c644205,Das Personal war nett und zuvorkommend.,Llama70B,1,random
7ab1874d-6b0b-4760-bde5-4c4e9807f57c,"Service war gut , aber nicht so besonderes.",Llama70B,1,random
a183b1bd-d1ea-4d9f-bc9c-7556943b55f1,"Für die Preise, die man hier zahlt, sollte der Service auch passen.",Llama70B,1,random
ea805440-a058-409d-933e-0745d3df34d7,Das Essen war eher schlecht und das Brot zu hart.,Llama70B,1,random
85371874-45a1-430c-9f3c-ac62683f359f,Das Personal war sehr freundlich und hat uns bei der Auswahl geholfen.,Llama70B,1,random
877a1e0d-2e79-4a0b-a94f-d45ae618a153,"Das Essen war gut, das Personal ist freundlich und zuvorkommend.",Llama70B,1,random
afa2d1c1-d713-49ee-ba4d-3c497e93aada,"Die Bedienung war sehr langsam, aber die Preise sind in Ordnung.",Llama70B,1,random
ea4a8ef3-8e76-40e8-95f7-1a5b885bbc62,Wir kommen gerne wieder.,Llama70B,1,random
e4b1204d-60c8-437c-b9fe-b45f06f10ff1,"Das Restaurant ist zwar sehr schön, aber auch sehr laut.",Llama70B,1,random
84e6f8fc-2d79-4c09-b49c-f3484ac9545f,"Die Bedienung war einwandfrei, aber unpersönlich.",Llama70B,1,random
e11ba8b3-73e5-4133-9295-b0be8d3946c4,Das Personal war nett und zuvorkommend.,Llama70B,1,random
db5319ae-8865-4d81-9289-6627d8ce6066,Die Atmosphäre ist nicht so wie auf der Website.,Llama70B,1,random
bf661cac-e02a-4483-877a-64450d376f6c,Das Essen war wirklich gut.,Llama70B,1,random
ccdedc08-15e7-4a85-9880-0a0d5c49e49d,"Ein Service, der sicherlich nicht den üblichen Ansprüchen entspricht.",Llama70B,1,random
9f395160-5f77-49fc-9072-74193c06ffea,Die Musik war viel zu laut.,Llama70B,1,random
90e90dfa-3df7-46cb-9cd9-964f4c59f4f4,Die Toiletten sind unsauber und die Böden sind schmutzig.,Llama70B,1,random
5abce939-95d6-4c7a-9385-f1109d2f2b12,Viel zu wenig Personal und das Essen war einfach nur mittelmäßig.,Llama70B,1,random
ef1934bd-e663-41f5-ad73-a455af27ae26,Das Ambiente ist schön und das Essen auch gut.,Llama70B,1,random
ad8df18c-e7b4-4aa3-9323-5dfde2d6966a,Mitbringsel inkl.,Llama70B,1,random
534d9d2d-c95d-4005-9150-e9cef49c4223,Das Essen war auch nicht gut.,Llama70B,1,random
f11e8208-b825-4cf1-a630-0199dcad513f,Wir hatten uns an einem sehr heißen Tag in das Café zurückgezogen.,Llama70B,1,random
651eb06d-0e7d-4279-8bf1-f9facf72a799,Zumindest für die Preisleistung.,Llama70B,1,random
f5e2b810-7617-4ee2-a7f9-a12443f6b830,Wir waren in der Küche zufrieden.,Llama70B,1,random
093dd162-056e-42e1-8c6d-a96bad7bd5d4,"Wir waren hier, weil es im Service sehr gut lief und auch das Ambiente ist schön.",Llama70B,1,random
282c3844-0b24-4774-be43-7a76087d1028,"Die Bedienung war sehr langsam, weshalb wir uns auch erst nach 1 Stunde an den Tisch setzen konnten.",Llama70B,1,random
146bab58-9839-4df0-9838-88b23efb24ba,"Die Bedienung war freundlich und korrekt, aber auch nicht mehr.",Llama70B,1,random
eb666ffb-329e-402a-907d-07e1abb44dbf,Die Atmosphäre war nicht so angenehm wie im Winter.,Llama70B,1,random
cacb0513-bc27-4d7d-9ef5-e1e1cb7c94e4,Das Ambiente ist sehr schön.,Llama70B,1,random
a2517523-28e9-4af2-a324-e9f86c5181de,"Der Service war in Ordnung, aber nicht überragend.",Llama70B,1,random
7cde1369-e130-4eaf-a932-deab8ab8d2f1,Ambiente sehr schön.,Llama70B,1,random
98a23794-3bfa-41c8-8dbf-90501621d293,Das Ambiente ist sehr gemütlich und entspannt.,Llama70B,1,random
1cfa6c36-0e73-4d13-8147-033cfc51bea5,Das Ambiente ist sehr schön und ruhig.,Llama70B,1,random
f5ef3388-9aa4-49d9-a6e3-f85693adb604,"Die Sitzplatzwahl war leider sehr begrenzt, da die Tische sehr eng aneinander standen.",Llama70B,1,random
34e5f294-c68f-4573-9d11-6a6fadf17bfa,Einfach Gemütlichkeit.,Llama70B,1,random
ff4e8061-2e62-4ed4-8678-8b25d962b0eb,"Das Ambiente ist schön, die Bedienung freundlich und das Essen lecker.",Llama70B,1,random
4b6ddd6c-37ea-48a4-8d37-2afa3a52fd5e,"Nur das Essen war ein wenig enttäuschend, da die Pizza etwas zu dünn belegt und überdies sehr trocken war.",Llama70B,1,random
53158d85-be42-4b50-85af-b9ad71a65724,"Die Preise sind sehr hoch, für das Essen bezahlt man 25 €, und es war nicht einmal so gut.",Llama70B,1,random
c421e716-81a3-4998-8236-f59620761510,Die Pizza war überbacken und schmeckte nicht.,Llama70B,1,random
8053d6ff-b78a-4377-b347-05250921502d,"Man kann sich gut unterhalten, da die Tische nicht dicht beieinander stehen.",Llama70B,1,random
066d6eb7-8c19-4097-8361-cca934b33904,Die Bedienung war freundlich und zuvorkommend.,Llama70B,1,random
1d917807-c121-4f9d-a208-57cac0553927,Ein sehr schönes Ambiente in dem man sich wohl fühlt.,Llama70B,1,random
f0ced962-09bd-4103-bc9b-30972102e13c,"Das Essen war gut, aber nicht besonders.",Llama70B,1,random
76ee0127-3a5b-4bab-b03a-ba270d6065c0,Wir sind sehr zufrieden mit dem Restaurant und werden wieder kommen.,Llama70B,1,random
7801dcb9-d6a3-44f4-a5d2-bdc562830863,Leider war der Service nicht sehr freundlich.,Llama70B,1,random
b6c676b4-222b-46bb-950c-6cca2bfb3a96,"Service war sehr gut, Ambiente eher schlecht.",Llama70B,1,random
ae905e9a-4ec8-4a35-af33-14055c4de8b5,Wir hatten einen schönen Abend und kommen gerne wieder.,Llama70B,1,random
df5ee711-f5a4-4f7f-b2e6-496afb42db6f,"Ambiente wie in einer Kantine, Preise wie in einem Nobelrestaurant.",Llama70B,1,random
42c2d1e5-afb1-4e82-9061-f96453b21226,Die Haloumi war lecker.,Llama70B,1,random
d692918e-fc8c-40b3-a5a9-3d259adca5e9,Die Bedienung war schnell und freundlich.,Llama70B,1,random
42812417-85e9-4f74-b28e-66884b92e0f3,"Dieser Preis ist mit 10,50 € für ein Fischgericht viel zu teuer.",Llama70B,1,random
3d5337a5-1650-44f9-ad30-6674187cab43,Mit Reservierung.,Llama70B,1,random
e48b9e11-6214-46b1-84f6-1ce4192b6587,Es war ein gutes Essen.,Llama70B,1,random
fbd8baad-37de-4be4-a0b1-7e8c4052cff2,Ein gemischter Eindruck bleibt.,Llama70B,1,random
9b741f30-7440-4874-963c-664e55c4d334,Auch das Ambiente gefiel uns nicht.,Llama70B,1,random
a6bbaabb-7790-4a4e-af3b-3eac83a09296,"Aber es ist klar, dass man für Fisch und Preis besser anderswo sucht.",Llama70B,1,random
d4f51dcd-54be-4218-9fb7-e64bfe700e80,Einfach nur super.,Llama70B,2,random
2da4b97d-5fa4-486a-9265-0bf320d84297,Die Atmosphäre ist sehr laut und die Tische stehen eng beisammen.,Llama70B,2,random
c6f3b41c-6ec6-4c71-95ae-774b10e1cf1c,"Das Essen war super, aber es dauerte ungewöhnlich lange bis wir bedient wurden.",Llama70B,2,random
d22fc6f5-f249-4cbe-831e-56854dbe5547,Ambiente war okay.,Llama70B,2,random
21adbb74-3040-4e30-a3c9-8a3a711257e2,"Wir waren im Garten sitzen, da war es etwas ruhiger.",Llama70B,2,random
7ed0937a-cf09-48ba-9399-f57cf9c9cf0f,"Ein gutes Restaurant, aber die Bedienung war schlecht.",Llama70B,2,random
73b6531a-4998-4b5b-b0b7-b92590df950e,Die Bedienung war sehr freundlich und schnell.,Llama70B,2,random
cbbe427d-6968-4dd0-8a91-e8a601e0e4a6,Die Preise sind ok.,Llama70B,2,random
b2591cdc-b67f-480f-b369-56d1d7b20d3a,Preisleistung ist gut.,Llama70B,2,random
26f1dc85-993e-4f78-8a88-d30937bf1d62,Auch der LOC ist nicht mehr das was er mal war.,Llama70B,2,random
9a9746d5-2120-48d6-86d1-d4c26683786f,"Die Preise sind auch für die LOC-Location, sehr fair.",Llama70B,2,random
b8f3963b-0fba-4194-b789-9499eb2b03fd,Das Essen war fantastisch.,Llama70B,2,random
17fc537d-ec3e-4502-a1fc-e92486e1cd38,Die Preise sind angemessen.,Llama70B,2,random
ad3a6ed4-93af-4332-aae3-e4d8929c2795,"Das Essen war lecker, die Atmosphäre ist gemütlich.",Llama70B,2,random
cf3bc10f-fa58-4ed3-862f-3429940d0bba,"Das Essen war lecker, aber die Preise sind zu hoch.",Llama70B,2,random
c852d6ca-5734-495a-be75-7cb45be1b0e0,Die Mitarbeiter sind sehr freundlich und hilfsbereit.,Llama70B,2,random
1c0f455f-c6b8-406b-98bf-d04e9fe67b60,"Selbst wenn man bedenkt, dass es sich um eine Drei-Sterne-Küche handelt.",Llama70B,2,random
75d548eb-2fa1-49d3-970e-cacc753be1fd,Leider schlechte Erfahrungen gemacht!,Llama70B,2,random
e76f70dd-05bd-415e-a14d-1021690da7dc,Das Essen war sehr gut.,Llama70B,2,random
af1d390b-f923-4d7d-bc7c-9f789696dcdf,Ein schönes Ambiente.,Llama70B,2,random
05f0b179-9d36-4dfa-85b7-c7b9ae2c28e5,"Einen Kaffee mit Eiscreme für 4,50 Euro zu bezahlen ist in Ordnung.",Llama70B,2,random
134e92cb-88f1-42ec-b062-68bbbf38faff,"Der Service ist nicht so schlecht, aber auch nicht gut.",Llama70B,2,random
3a3b59c5-fa8e-4b58-b02b-9bedffd066e4,Das Essen ist sehr gut und der Preis angemessen.,Llama70B,2,random
3a1a8fc0-4447-4374-82a1-5c35eacde9b3,Bei der Bedienung könnte man sich wohl etwas mehr Mühe geben.,Llama70B,2,random
684ae47b-dbbe-4506-9779-6dbbea496014,"Das Essen war auch gut, allerdings nichts Besonderes.",Llama70B,2,random
05496162-5864-42e7-ab0d-5f8e48f8d514,Preis/Leistung stimmt.,Llama70B,2,random
bcfcdd29-575f-4b07-abae-d05f28c1d6a9,Ein schöner Abend mit tollen Gerichten.,Llama70B,2,random
04b2a63c-2a0d-4b61-b701-4e83256ab670,Wir waren gestern Abend zu viert dort und fanden das Ambiente sehr schön.,Llama70B,2,random
aabebdf9-2524-41de-8d40-1ad087c8cb75,"Das Lokal ist sehr klein, man sitzt eng beisammen, aber das Essen war gut.",Llama70B,2,random
1256e2e9-5c0a-4c47-9077-81b3339dfb91,Das Servicepersonal war freundlich und hilfsbereit.,Llama70B,2,random
122b93cc-6891-4b36-9e10-8027935becb6,Überhaupt hat sich das Service-Niveau verbessert.,Llama70B,2,random
3b9732a4-8650-441b-8918-da53678eea52,Die Preise sind sehr hoch.,Llama70B,2,random
d712498f-4915-488f-a8d5-9fcee483c1ec,Die Preise sind überteuert.,Llama70B,2,random
957180cb-1114-4f5a-8c1d-87d3b22c6f56,"Zu der Zeit war es noch nicht so ausgefallen, aber Gerichte waren lecker und serviert wurden sie von sehr freundlichen Leuten.",Llama70B,2,random
d605afd9-9850-4e5e-9878-471477cd3043,Der Service war gut.,Llama70B,2,random
b3b49472-54f9-4388-a6bc-73337a902f0d,Das Essen war lecker.,Llama70B,2,random
57383db8-5bec-484c-8708-e49fededdef9,"Auch der Preis, 2,40 € pro Tasse war in Ordnung.",Llama70B,2,random
9455bf2a-d4b3-4d39-94d5-3f05e3cc6c7f,"Großartige Atmosphäre, sehr freundliches Personal und Preis/Leistung OK.",Llama70B,2,random
e8946e1f-ff74-461c-b743-0a85dc6e2912,Die Preise sind sehr hoch.,Llama70B,2,random
4fc0a85d-c489-4771-af61-51ba89b36281,"Wir waren mit der Bedienung sehr zufrieden, aber nicht so sehr von der Qualität des Essens, das wir bestellt hatten.",Llama70B,2,random
51877f69-4861-454c-ae7b-9ab0b6cc8602,Die Atmosphäre ist aber auch nicht so toll.,Llama70B,2,random
2ea0f405-8e50-4e60-a5f2-e69b93c1408c,"Zu teuer, zu langsam, zu unfreundlich.",Llama70B,2,random
18efc2bf-d966-4539-a616-357a5536ad1f,Herzlicher und freundlicher Service.,Llama70B,2,random
67a4a400-5894-473c-aad9-51ff1522141b,"Wir haben uns für 27,50 Euro satt gegessen.",Llama70B,2,random
5887675f-768a-4e55-8b11-977412fb1a68,Immerhin war die Bedienung freundlich und das Ambiente ist schön.,Llama70B,2,random
1e32508d-251b-4d3a-98d8-f6f5d904aab2,Der Preis ist ok.,Llama70B,2,random
5d9c8d1b-c37c-4ad2-88bb-ec02f3837263,"Was Service und Essen angeht, war ich sehr zufrieden.",Llama70B,2,random
04c10367-0d06-4446-9b4f-a98fc0f046a9,Das Personal ist sehr freundlich und zuvorkommend.,Llama70B,2,random
020ca616-43cf-4b05-9025-b3f75109f939,Eine gute Preisschildung hätte unser Urteil wohl noch etwas positiver beeinflusst.,Llama70B,2,random
c7fb9e16-e591-4348-81de-186f54578523,Das Essen schmeckt immer gleich und ist nicht besonders.,Llama70B,2,random
b6530e9a-6ab0-4147-98c9-ebee7bff53ea,"Die Preise waren in Ordnung, das Ambiente war nicht so schön und die Bedienung war gut.",Llama70B,2,random
dd4c1215-a2fb-423a-ab92-e1d792f06217,Es ist einfach nur lecker.,Llama70B,2,random
b5958ac0-e059-41d2-9106-d16f4b93c82c,"Wir hatten das Mittagmenü, welches wirklich schlecht war.",Llama70B,2,random
6f95e519-bf32-49aa-bce1-a1beb5b07b6e,"Das Essen war gut, aber zu teuer!",Llama70B,2,random
ab5feb04-6fcd-4cd3-97da-8a56ee990c44,"Die Bedienung, die sich in der Nähe aufhielt, ignorierte uns und wir mussten warten.",Llama70B,2,random
06111deb-b190-4a28-bd5c-e5ed0bc393c2,"Die Klimaanlage lief, die Luft war aber trotzdem sehr stickig.",Llama70B,2,random
1b20e01d-d9b2-4476-9287-4c88d4fbab88,"Der Service war freundlich, aber sehr langsam.",Llama70B,2,random
953d8c6d-78df-44d0-a107-889d81fdb5a1,"Leider muss ich sagen, dass der Preis für den Geschmack nicht stimmt.",Llama70B,2,random
bdf997d9-796b-429b-9109-50e7cdab9f33,Ein gutes Preis Leistungsverhältnis und keine Überraschungen bei der Rechnung.,Llama70B,2,random
08ac76fb-f018-4361-9b21-2b65fa3b63c4,"Die Gerichte waren gut, die Qualität des Service war mittelmäßig.",Llama70B,2,random
4035b269-0d0e-4674-a646-99637d2ed9f7,Das Ambiente ist sehr schön und gemütlich.,Llama70B,2,random
4c5c2586-488d-4605-81de-1c85f27bd765,"Die Lage ist gut, aber der Rest lässt zu wünschen übrig.",Llama70B,2,random
c2860239-f50b-4241-b415-653e9ef1288e,Ein schöner Aufenthalt mit einer unfreundlichen Bedienung.,Llama70B,2,random
1a159dcc-ed34-4746-97d4-6ce2e09d6ce7,Die Umgebung und der Service waren auch OK.,Llama70B,2,random
b5ea44c8-c19a-4dc1-92b7-fbcd4e2a3643,"Viele Wartezeiten, aber auch viele Tische.",Llama70B,2,random
96a8283f-37fd-435a-b321-b42dc7d45705,Am Tresen wurde es schnell und freundlich serviert.,Llama70B,2,random
3d5c7c22-6d81-4ec1-afb3-817d02bf2a8a,"Ein Ambiente, das ich mir echt wünsche.",Llama70B,2,random
83a38e1d-416b-4dca-9240-5005726a4992,"Am Anfang war die Bedienung sehr freundlich, aber dann dauerte es eine Weile bis wir unsere Bestellungen machen konnten.",Llama70B,2,random
42702812-a277-4ba3-9e4c-44ea5aa82238,Auch der Service war in Ordnung.,Llama70B,2,random
00f421ef-3f15-48ca-b003-70653eea3ab7,"Die Wirte sind sehr nett, aber die Küche war nicht so gut.",Llama70B,2,random
7ec94270-3e50-4488-b9d5-12ace2822489,Der Service war sehr freundlich und der Aufenthalt im Restaurant hat uns gut gefallen.,Llama70B,2,random
011e342a-44b1-4e53-96ec-baecbac0ca6f,Ein echtes Schmuckstück.,Llama70B,2,random
da80bd36-cad6-4727-9740-f5c25d73aeb3,Die Atmosphäre war angenehm.,Llama70B,2,random
f27a5694-c272-4cbb-8d5c-eb8e43f6d3f7,"Eine Wartezeit von 40 Minuten und die Kellnerin sagt, dass es noch nicht mal so voll sei.",Llama70B,2,random
c012eb26-ed6b-42f8-b574-27bfe9021af9,"Das Essen war lecker, aber das Preis-Leistungsverhältnis stimmt nicht.",Llama70B,2,random
cec1ceeb-dd8c-4b17-bd8e-c40da9e365f6,Wir waren sehr zufrieden.,Llama70B,2,random
e793b08d-c40d-4827-bbd6-655d35d7e8c4,Alles in allem ist es ein sehr empfehlenswertes Restaurant.,Llama70B,2,random
07942b86-0295-414c-a4bd-053dde7d81b8,Hier stimmte Preis/Leistung.,Llama70B,2,random
66f63432-19b0-4abb-b6d3-1754becd0cac,"Wir haben uns sehr schlecht behandelt gefühlt, da der Kellner sich nicht um uns gekümmert hat.",Llama70B,2,random
e1b18806-bf5c-41d1-a618-b18d3922ae8f,Das Essen war leider nicht besonders gut und die Preise für das Essen sind sehr hoch.,Llama70B,2,random
602cd9e8-384a-4b2f-84ca-b236afa7f481,Die Pizza war eher mittelmäßig.,Llama70B,2,random
9fcc3f17-f5e7-41cd-84b6-dbaf54bfc041,Leider ist der Kellner überfordert.,Llama70B,2,random
c7d6c884-3a9c-4725-ad37-695d583b53d4,Die Atmosphäre ist sehr angenehm.,Llama70B,2,random
f0f395b1-bcf3-4e28-a43a-d860d646d85b,Bei den Preisen (Knödel) könne man sicherlich etwas besseres bekommen.,Llama70B,2,random
ca46aba9-3746-4183-8838-9ffa11157a4e,Die Preise sind eher hoch.,Llama70B,2,random
9f87d20a-ff77-49f7-9904-0ed5f503d83c,"Wir waren gerade in der Sommerzeit, da die Terrasse noch offen war.",Llama70B,2,random
df3adfda-e194-46de-8446-647202f57282,Sehr schöner Ambiente und sehr freundliches Personal.,Llama70B,2,random
939852b1-5ef6-402d-9d97-e7740c26d8e3,Der Innenhof ist sehr schön.,Llama70B,2,random
5e20fac2-0afc-465b-a905-5de9d3570ffb,Wir werden wieder kommen.,Llama70B,2,random
b3b44f7a-3a7c-470d-a5ac-33539a8979a3,Das Essen war sehr lecker.,Llama70B,2,random
d0c8cd80-9a9f-4101-a8c8-48331c28c757,Aber das Personal war eher schlecht.,Llama70B,2,random
a42a0d2b-cb2f-4084-b6d0-a9daba4ac735,Das Personal war freundlich und zuvorkommend.,Llama70B,2,random
3609dc4b-aa74-4fba-a33d-00d553c1c993,Das Ambiente ist nicht besonders schön.,Llama70B,2,random
bccb23df-07ad-4b83-8a45-ec8cb9de0df3,"Das Ambiente, der Service und die Qualität des Essens sind sehr gut.",Llama70B,2,random
28c305f5-7ec9-43ab-99a2-facd98c78351,"Wir waren 2x dort und beide Male war die Bedienung sehr freundlich und hilfsbereit, aber das Essen war nicht besonders.",Llama70B,2,random
dcb08f65-3425-4814-97cb-eabec601f5a3,Das Ambiente ist nichts besonderes.,Llama70B,2,random
d6e2f294-8135-4f6f-8470-9e9cc7e42556,Aber das Personal war sehr freundlich.,Llama70B,2,random
d0a59811-e72e-4eb1-8c22-2e4d4773e60b,Die Bedienung war sehr langsam und unsympathisch.,Llama70B,2,random
61773242-ec95-4ea9-b30f-d2027e66f615,"Die Bedienung war freundlich, aber nicht übermäßig aufmerksam.",Llama70B,2,random
df3b08d9-ca15-4c3e-afca-9cb330be96b9,"Bei Preisen, die sich in der unteren Mittelklasse bewegen, bekommt man ein schönes Ambiente und freundliches Personal.",Llama70B,2,random
f5414bb6-583a-4506-86d2-857200b74d01,"Das Preis -Leistungsverhältnis ist in Ordnung, aber die Umgebung ist nicht so schön.",Llama70B,2,random
fed5e1c8-72d0-43ee-a539-fbb2431105c2,Das Ambiente war nicht so schlimm.,Llama70B,2,random
78c69c23-7dec-4158-ab58-51b8e02be56b,Mittlerweile ist es ein absolutes Lieblingslokal.,Llama70B,2,random
422ae338-83a1-441d-8959-de2abf1ba28e,Wir waren zufrieden mit Preis/Leistung.,Llama70B,2,random
b6093b7d-e0ba-4bf7-ad03-bb27ae609db0,Die Bedienung war sehr freundlich und zuvorkommend.,Llama70B,2,random
bb16f0f7-7435-4054-ae75-353f14108d01,Das Personal war nicht freundlich.,Llama70B,2,random
da248fa6-49cd-4dbb-b742-4e7a003936e7,Die Atmosphäre ist auch nicht so schlecht.,Llama70B,2,random
5472473c-6ca5-4d44-8c69-ab37a36667a9,Die Bedienung ist sehr freundlich und schnell.,Llama70B,2,random
d824cc3b-815c-414d-bfb6-57a91ccd65d1,Die Bedienung war sehr freundlich.,Llama70B,2,random
1e430eca-d6c5-4270-baca-05acc7f2cdfa,"Ein Ambiente wie aus dem Bilderbuch und ein Service, der einem das Herz erfreut!",Llama70B,2,random
32ccdcd7-02d1-4c82-96fe-2f1cb748cf83,Ein paar Speisen waren schlecht.,Llama70B,2,random
ae994309-7052-41a9-a51b-88d6d0590068,Wir haben uns für 2x Currywurst mit Pommes und Cola entschieden.,Llama70B,2,random
cbbda1a7-83b2-47af-bd13-5400d3980ce8,"Ein netter Service ist zwar vorhanden, aber es gibt auch ein paar kleine Kritikpunkte.",Llama70B,2,random
13ac1c97-178b-4f17-991f-968c1b71f071,Zum Preis ist das nicht schlecht.,Llama70B,2,random
cef586e9-093f-4071-99cc-131e684f06ff,Das Essen war auch in Ordnung.,Llama70B,2,random
e6b56d0c-b098-4b76-8884-920d9669f718,Die Atmosphäre ist nicht gerade einladend.,Llama70B,2,random
38e8c828-476e-4e7a-9ff1-fdaa37a69a12,"In der Tat ist das Personal sehr freundlich und zuvorkommend, aber es gibt ein Problem mit dem Service.",Llama70B,2,random
71280647-3b98-4ba8-83d5-7bc11aa6bd44,"Am Ende bekam ich ein Eis, das war allerdings auch nur halb so groß wie ein Würfel.",Llama70B,2,random
d0544597-77a4-4040-aa31-80c6c40da41b,Das Ambiente ist sehr gemütlich und die Mitarbeiter super freundlich.,Llama70B,2,random
c4256292-4a0a-4cb5-87fe-89bd771e95e6,Das Essen war sehr gut und schnell serviert.,Llama70B,2,random
9f2b6bae-f34a-4f54-85d0-672701255d02,"Die Kellner sind sehr freundlich, aber in der Überzahl, dafür war das Essen eher Durchschnitt und nicht so gut wie erwartet.",Llama70B,3,random
a3a504d4-4702-4936-9ef6-89fe4dfbd138,Immerhin ist das Personal freundlich.,Llama70B,3,random
f0f48983-9157-48ec-9af9-573f1902c9a7,Die Stimmung ist durch die Musik etwas gedämpft.,Llama70B,3,random
d3a82ced-b5af-4ce6-92e0-55b28303fabd,"Wir hatten uns vorher für ein anderes Lokal entschieden, das sich aber als überfüllt herausstellte.",Llama70B,3,random
5972302b-a499-41a7-becc-05b9efc0efd0,Die Bedienung war durchschnittlich.,Llama70B,3,random
36eca5ad-9ffe-4e0d-a582-ed65c462d70b,Wir haben uns für das teure Menü entschieden.,Llama70B,3,random
985e22bb-bf3f-4c67-898a-b5eeb262ae24,Hier gibt es auch leider keine Preisreduktion.,Llama70B,3,random
83483da6-6ed6-46f1-bc99-c5f59a08a0ed,Mit dem Essen war alles in Ordnung.,Llama70B,3,random
81f6bc55-df89-4990-b47e-ba34738f5ebd,"Die Preise waren angemessen, das Ambiente eher schlicht.",Llama70B,3,random
4e1d56b7-8d81-49e0-92fd-6ac136f17000,"Vielen Dank für das Essen, wir kommen gerne wieder.",Llama70B,3,random
d7b410dc-253f-4200-af09-7a066b8dfeee,Wir waren mit unserem Besuch vollsten zufrieden.,Llama70B,3,random
1ee61b1d-ded3-4acc-b26c-de751075797b,Wir hatten leider nur eine kleine Zeitspanne um uns auch das Essen zubereiten zu lassen.,Llama70B,3,random
5383a5c9-5e36-4883-a935-ce5da7c4213b,"Der Schweinshaxe war gut, aber leider nicht so groß wie erwartet.",Llama70B,3,random
9a3dea6f-8d91-4222-8bc1-4bcbf1bff74d,Wir hatten ein schönes Essen und waren sehr zufrieden.,Llama70B,3,random
038a234b-38dc-4ac2-b443-f753dce2857a,Wir waren sehr zufrieden.,Llama70B,3,random
5841c8eb-3fac-4505-9f63-8f820b05eda6,"Die Küche war so laut, dass man sich nicht unterhalten konnte.",Llama70B,3,random
e35f2210-6c73-47e6-a8e3-06ab83e75527,Das Essen war sehr lecker.,Llama70B,3,random
19b579d0-e256-4a44-ab02-60a5c2eb3519,Dem Service kann man nichts vorwerfen.,Llama70B,3,random
ef643732-22ca-48d6-b002-110fa3ad81e9,"Wir hatten das LOC Burger, das war einfach nur lecker.",Llama70B,3,random
f21466c8-e0b1-4d7b-b2ee-d2f203f7940a,Die Bedienung war schnell und zuvorkommend.,Llama70B,3,random
45c8a821-b1de-4b2a-a89a-871f27efd53a,Insgesamt war die Preisleistung sehr gut.,Llama70B,3,random
9a14a4ca-aa0b-4533-8fab-fb49d8be9939,"Toller Service, gutes Essen.",Llama70B,3,random
53f6fb96-92fa-4c84-8341-63ebdf23604f,"Das Essen war aber leider nicht gut, die Pizza schmeckte durch und durch nach Salz.",Llama70B,3,random
7c967abb-51d9-4bd1-a1ff-2928e88ae71b,Die Bedienung war schlecht und das Essen auch.,Llama70B,3,random
b9ba70d0-c65d-486a-a53d-19980da0e833,Service sehr langsam.,Llama70B,3,random
bdb0092d-245b-4aad-9ccb-d5d5e5bc5cf0,Das Essen ist eher durchschnittlich.,Llama70B,3,random
2ed7ee90-0fb4-4850-87d1-648e339b1ea0,Es war ok.,Llama70B,3,random
935aa833-df96-41cb-9735-6de6840d8ee4,Aber Preis/Leistung stimmt.,Llama70B,3,random
b5f5109a-1de6-4625-b8c2-1b183c1645c1,Wir haben uns sehr wohl gefühlt.,Llama70B,3,random
cd2cbb4e-762c-4082-a6a9-f270acf51aad,Wir haben uns sehr wohlgefühlt.,Llama70B,3,random
678413ea-651f-4118-bee7-b3c604242bc8,"Könnte auch besser sein, aber ist in Ordnung.",Llama70B,3,random
9ec11baa-6e50-4271-ac28-6088b5024c82,Aber das Essen war nicht wirklich schlecht.,Llama70B,3,random
f1b9b83d-ab92-4b68-8882-93cffef6b069,Die Preise sind allerdings sehr hoch.,Llama70B,3,random
c9ec08bb-a7e7-4555-934c-1b79525d8561,Auch der Preis/Leistung Vergleich mit anderen Restaurants in München ist eher schlecht.,Llama70B,3,random
d3e85c78-cb45-44c6-932d-496a7ecc49ae,"Am Ende ist es ein netter Ort gewesen, aber nicht mehr.",Llama70B,3,random
3300bad2-98e2-42b3-934b-33c7d994fd21,Wir waren mit der Bedienung und dem Service sehr zufrieden.,Llama70B,3,random
1444c1d8-c7e0-4b61-8c23-b3183e9c3e94,Die Preise sind sehr fair.,Llama70B,3,random
8473b729-4eaa-4ea0-b741-a0d8112e365c,Die Mitarbeiter sind sehr freundlich und hilfsbereit.,Llama70B,3,random
8c40966a-91df-4863-889e-790a8133f01b,Wir waren mit der Preisleistung sehr zufrieden.,Llama70B,3,random
35ad255d-713b-4aed-9873-3a80c698b0ad,Selbstverständlich ist das Ambiente sehr schön und man kann sich gut entspannen.,Llama70B,3,random
7ed45129-72f2-4484-b825-90d2e6845db7,Leider ein schlechter Eindruck.,Llama70B,3,random
af6de04d-81b0-4a3b-9acf-df931ff6c83d,Leider war der Tisch viel zu klein und die Preise waren sehr hoch.,Llama70B,3,random
f30311f2-409c-4fc5-b5ac-9f4cd1effd6c,Mit dem Ambiente ist es auch nicht so gut.,Llama70B,3,random
0a679241-eb0a-4261-9759-6975a29cab71,Preise im Rahmen.,Llama70B,3,random
862544e4-3acf-40b5-9685-2a70f1b795ae,Die Bedienung war auch sehr freundlich und hat sich um uns gekümmert.,Llama70B,3,random
2c7bf91d-b53a-49c1-b0ae-410ded16ed37,Wir hatten einen tollen Abend mit der ganzen Familie.,Llama70B,3,random
5ac288a5-e623-4656-86fd-72c0a3b4cd73,Einige Tische sind zu eng.,Llama70B,3,random
ea93bb9c-458f-4402-bd20-8d4c1c790636,"Das Ambiente ist sehr freundlich und gemütlich, die Mitarbeiter sind sehr zuvorkommend und hilfsbereit.",Llama70B,3,random
70337a10-d50e-4e9b-81e7-7c75a89f44d5,Das Ambiente ist sehr schön und die Bedienung freundlich.,Llama70B,3,random
68369b81-0da8-467c-b3c1-a22fcf5705f8,"Die Bedienung war sehr freundlich, die Preise aber entsprechend.",Llama70B,3,random
f053d3d0-fa31-4390-9183-09872cc918d2,Das Personal war sehr freundlich.,Llama70B,3,random
98122436-d5a7-4895-9d44-9b3fb9698804,Hier ist das Essen leider etwas zu teuer.,Llama70B,3,random
6ea0f4ef-2dcc-4081-8ab1-eeda03e95f86,Wir wurden von dem freundlichen Fräulein Susanna bedient.,Llama70B,3,random
f53464d8-10d4-4a05-b9dd-ee2f2227e589,Die Preise sind ein bisschen steil.,Llama70B,3,random
65797f50-55dd-4e68-a130-be5c69d20afa,"Das Essen war nicht schlecht, aber auch nicht gut.",Llama70B,3,random
d04ea5b1-fed8-4edc-a691-c999cef72954,"Das Essen war gut, aber nichts Besonderes.",Llama70B,3,random
787c6da5-49f2-4f26-ba8f-6313e1a4ad58,"Ging mal wieder, aber nicht so sehr überzeugend.",Llama70B,3,random
e015625f-874c-4efc-a0f3-7b4efa63fb26,"Wir hatten ein Pizza, die war noch warm, aber kalt und hart.",Llama70B,3,random
5a51084f-0d2d-46c4-b9a1-d8e8235b1aba,Leider ist die Atmosphäre nicht so toll und das Essen auch nicht.,Llama70B,3,random
0ffc741a-37a4-4340-b5f8-ea33a0a2c85e,"Das Ambiente ist eher schlicht, aber dafür sauber.",Llama70B,3,random
7a119723-850f-4567-9b6a-5d90680d4877,Preis Leistung stimmt.,Llama70B,3,random
f2d2e803-02c8-42f1-9de4-4b75c66f02c2,"Wir wurden mit einem Preis von 23,80€ belastet.",Llama70B,3,random
548b1f3e-5828-48f6-b6ca-60e682a01f8d,Der Preis ist in Ordnung.,Llama70B,3,random
48fdd386-4168-44dc-9b76-dab3c36e210d,"Ein schönes Ambiente, sehr freundliches Personal und sehr leckeres Essen.",Llama70B,3,random
e4ad2778-268b-4dab-9d8c-3a5e56d7fb1e,Das Personal war nicht sehr freundlich.,Llama70B,3,random
584e5e2b-b6d7-4241-aa35-c55c7f47f5d4,"Wir hatten Kalbsnieren und Spaghetti, die beide sehr lecker waren.",Llama70B,3,random
99ffdbcf-d474-425b-a3ed-187526450860,"Wir sind 2 mal dort gewesen und die Gerichte waren ok, aber nichts Besonderes.",Llama70B,3,random
6ce6a9a6-a6ac-462d-bda4-6ea5cea09357,Die Qualität war durchschnittlich.,Llama70B,3,random
a8dbf21f-a230-41f0-bab0-d36cc43f851e,Das Essen war lecker und das Ambiente auch.,Llama70B,3,random
404cf88e-3b04-4e84-bc2c-def69e4dd0f3,Der Essen war sehr lecker.,Llama70B,3,random
56cb20bd-91d3-418b-996b-71a9b4fcdc2d,Ein Kuchen zum Abschluss.,Llama70B,3,random
445c7fb9-0187-4afc-8e04-558d761ec59e,Aber das Essen war nicht so gut wie erwartet.,Llama70B,3,random
f8684d52-9689-4fcb-b274-ea11e2d0bf23,Ein sehr schlechtes Erlebnis.,Llama70B,3,random
0e3d1654-6db4-4f31-a620-5522e7bc955b,Das Personal war sehr freundlich.,Llama70B,3,random
9504671f-cac6-4018-8602-7787bc16e22d,Das Ambiente ist eher schäbig.,Llama70B,3,random
4ed8ef74-8a80-4c91-a01c-0fc5be454cbc,Das Ambiente ist ein bisschen gewöhnlich.,Llama70B,3,random
e2bbc36e-7042-4a30-9e7f-e1442c7a8fbf,"Die Kräuterbutter war sehr lecker, das Fleisch jedoch etwas trocken.",Llama70B,3,random
1233887c-39c7-4e30-b2ce-9674f97c87f3,"Der Service war sehr gut, aber der Preis für den Kaffee war etwas hoch.",Llama70B,3,random
1dbe1fce-a12f-437f-8ac8-741061073f19,Die Serviceleistung war sehr gut.,Llama70B,3,random
dd498567-a900-490c-a34a-7e7b0bc5890a,"Die Atmosphäre im Restaurant war sehr angenehm, das Essen war gut und die Bedienung freundlich.",Llama70B,3,random
20ab1e92-43f4-49fc-9942-5aea63e0a705,Eine schöne Speisekarte.,Llama70B,3,random
1481d49f-4f51-4339-bce2-f73e6aec684d,"Die Bedienung war überfordert, aber die Preise, das Ambiente und der Gesamteindruck waren gut.",Llama70B,3,random
29b45031-a0be-4ff3-95b1-dc83901a976c,Ein sehr netter Empfang und auch die Tischnachbarn waren sehr nett.,Llama70B,3,random
9e0d12e2-f65c-4062-8129-0eb0f1b9e08b,Der Preis war für die Menge des Essens ok.,Llama70B,3,random
394812ec-2cf8-4189-a062-51140c33f9be,Wir waren mit der Preis/Leistung sehr enttäuscht.,Llama70B,3,random
acdbbd60-a2f3-4569-8425-4ffab4e4caf9,Das Ambiente ist nicht so schlecht.,Llama70B,3,random
aa3dbe1c-09bc-4144-8440-fccfd4c27199,"Für das Geld ist es gut, aber auch nicht mehr.",Llama70B,3,random
847adc8a-ae11-4a97-a9eb-a219023ea3b2,Nicht sehr freundliches Personal.,Llama70B,3,random
2daef151-ee5e-4643-ac15-84dd339ecfdf,Wir waren schon öfters hier und hatten immer einen schönen Abend.,Llama70B,3,random
cefc8d8a-4d2e-42af-969d-8f8da4b90d66,"Wir waren in der Ruhezeit, also war die Atmosphäre entspannt.",Llama70B,3,random
f83a51b0-bab3-4afd-b181-f9577b5f3c0b,"Ein eher enttäuschendes Menü, das auch nichts Neues bringt.",Llama70B,3,random
858d482b-5cc3-4865-a081-068dace9b996,Die Kellnerin war sehr unfreundlich.,Llama70B,3,random
00633b7b-e68f-44c1-a3a0-1042ae251dce,Die Bedingungen sind gut.,Llama70B,3,random
fdf016e5-0475-4e42-8dd8-3c66e2ca9b65,"Ich kann es nur empfehlen, denn das Preis/Leistungsverhältnis ist wirklich gut.",Llama70B,3,random
d5896d0d-1ebf-4a6e-80ca-67b70f955358,Das Preis/Leistung-Verhältnis stimmt.,Llama70B,3,random
19c5ef65-baeb-4c4f-8bb6-ff0ea1e4ff4a,Das Essen war lecker.,Llama70B,3,random
71242e2e-e586-4f76-be28-4288e2884dbe,Die Bedienung war gut.,Llama70B,3,random
b43410a6-5559-4380-8512-10ea2f1bfc89,Das Essen war sehr gut und der Service auch.,Llama70B,3,random
da490ca2-0890-4a2c-ba2e-563a12b8e5fb,Für die Küche gibt es nur 1 Stern.,Llama70B,3,random
082e5a7c-1e81-43ec-89f5-8b15ca6327bb,Ein sehr gutes Essen zu einem angemessenen Preis.,Llama70B,3,random
9708a659-5a70-4f9b-a50b-b45c5e5c7cbe,"Dieser Ort ist schon ok, aber nichts Besonderes.",Llama70B,3,random
3226b3ac-c545-45a5-b265-22fccf85dc9b,Das Personal war sehr freundlich.,Llama70B,3,random
8fa6df74-6067-4127-ae7b-c89b185ed3ae,Insgesamt ein gutes Preis/Leistungsverhältnis.,Llama70B,3,random
422ada14-2202-4ada-9105-79f25402e715,"Bei uns war das Essen ok, aber nichts Besonderes.",Llama70B,3,random
e1eba598-f25e-4c0c-a610-80955f89832e,Service war ok.,Llama70B,3,random
1d7a307c-6e61-4bfb-8495-77697d8956e4,Insgesamt ist das Preisniveau ok.,Llama70B,3,random
a3b83413-f980-46c7-b50c-0d70539a4b1d,Die Atmosphäre war eher schlecht.,Llama70B,3,random
bb9cfc86-3ed3-495e-8e8e-2623cdd58c23,Die Servicekraft war sehr freundlich und hilfsbereit.,Llama70B,3,random
dc2333f8-dd55-4cec-8906-178e50579316,Aber das Essen war mit Abstand nicht so gut wie die Preise hoch.,Llama70B,3,random
c53f3770-23d8-4d58-bb02-57bdb61a3d28,Die Pizza war einfach schrecklich.,Llama70B,3,random
d6e771ab-447d-4b5b-99fd-3b8dd501b2ad,Das Personal war freundlich und schnell.,Llama70B,3,random
d034d7d6-c30d-42e1-ab27-de03900d4595,"Eine kleine Portion, aber lecker.",Llama70B,3,random
74301d92-89f7-490c-823b-79ba7638371b,Die Kellnerin war sehr freundlich und hat uns den Abend sehr angenehm gemacht.,Llama70B,3,random
b6d1521f-6d5b-4a5c-9009-51b92a912793,Nur die Karte ist sehr langweilig.,Llama70B,3,random
06acb9a4-8f2a-4a2d-a5ed-f1c6593ea7ca,"Das Essen war gut, aber nichts Besonderes.",Llama70B,3,random
08db9e1d-fb3d-4e71-ad16-6f9cb22c5afe,Die Kellnerin war sehr freundlich und zuvorkommend.,Llama70B,3,random
cc9131ba-dea3-4619-8ef6-5f8e4c1483b6,Wir waren an einem Freitagabend dort und es war voll im Lokal.,Llama70B,3,random
bb99c0eb-560c-4b39-acaf-21ecb366cd2b,Service war sehr freundlich und unkompliziert.,Llama70B,3,random
76f3a448-87ca-416d-98cf-6c0ee0e14cb9,"Das Essen war gut, aber die Geschichte mit der Bestellung hat mich irritiert.",Llama70B,3,random
8db30604-74b4-4236-a953-62f46e4e1b0d,Schönes Ambiente.,Llama70B,3,random
7abe0469-3808-4782-929e-53f195908c5b,Der Preis stimmt.,Llama70B,4,random
d5e17eb8-8f45-4ab8-a406-3b7e7d7b7f57,"Freundlicher Service, aber leider sehr schlechtes Essen.",Llama70B,4,random
f36c343c-2f4b-4270-9077-04e30cfb0bed,Wir waren an einem Sonntagvormittag dort und hatten die schöne Terrasse ganz für uns alleine.,Llama70B,4,random
ee31eb07-132d-4e4b-b92d-0743982f804a,"Das Ambiente ist okay, aber nicht überragend.",Llama70B,4,random
6159a1d3-8023-4ac7-869f-26ed7f5b1f3f,Das Ambiente ist nicht so toll.,Llama70B,4,random
ecf33bff-11fa-4569-acc2-ebab52fe965f,Wir kommen gerne wieder.,Llama70B,4,random
66e46ed0-f0c0-4da2-a4c3-a9b0d6b95fc1,Preislich ist es auch angemessen.,Llama70B,4,random
31154cda-2022-4706-b30c-43a20cc377eb,Ein Restaurant mit leidlichem Service.,Llama70B,4,random
fdf2c0bb-aa11-4476-9d1b-7b55ae959947,"Das Essen war eher mäßig, die Portionen klein und der Preis dafür unverhältnismässig.",Llama70B,4,random
87094e23-f02d-4310-be41-707fdd3c1403,Aber das Ambiente ist nicht schön.,Llama70B,4,random
7e55d705-3fb7-4ee2-98ea-3a952cb5c38d,Der Blick auf die LOC und das Gästehaus ist wunderbar.,Llama70B,4,random
bad1ad7f-9018-4321-aa2f-66bec694d6b7,Die Atmosphäre ist in Ordnung.,Llama70B,4,random
e9f1a27c-c0f0-4d07-accc-6d26217b6b7d,Doch das Essen schmeckt wirklich gut.,Llama70B,4,random
85bc257a-3753-4393-9b88-129bfd62098b,"Das Essen war gut, aber nichts Besonderes.",Llama70B,4,random
c81ebcfa-b457-43d7-9da1-a1c92b7ebd25,Schade.,Llama70B,4,random
de418894-b8da-44aa-90aa-58f29cf62c89,Das Essen war sehr lecker und das Preis-Leistungsverhältnis stimmt.,Llama70B,4,random
6ba3a698-2a3e-414d-82aa-78f487b295b1,"Ambiente sehr schlecht, zu laut und überfüllt.",Llama70B,4,random
f8f4dff6-8102-4749-996d-35106d756311,Ein Restaurant mit Mischung aus guter und schlechter Qualität.,Llama70B,4,random
333547e2-2cce-43d0-b2b0-85bc9b40ff60,Aber das Ambiente ist unschlagbar.,Llama70B,4,random
44136cc7-4bf2-41f7-9d75-390b7df215ec,Sehr empfehlenswert.,Llama70B,4,random
480bc194-a730-4124-b7e9-cc3aee1e267b,"Nicht gerade ein Ambiente, das man sich für ein schönes Abendessen wünscht.",Llama70B,4,random
4a669f7d-f7ae-4c8c-a0dd-f9eab34dd2aa,Die Qualität der Speisen war leider nicht so gut wie noch vor ein paar Jahren.,Llama70B,4,random
0e50f9f5-af62-453e-bbfc-1bf3a79b6575,"Nicht schlecht, aber nichts Besonderes.",Llama70B,4,random
88818500-f7ea-49ad-84a7-8eff8810923f,Ein schöner Abend mit sehr leckerem Essen und netten Menschen.,Llama70B,4,random
8ad4cd21-e2de-4215-beea-9c2fa022492c,"Das Essen war gut, die Bedienung war nicht so freundlich und unaufmerksam.",Llama70B,4,random
564fb3af-fb29-479f-adb9-39382aef77e6,Der Service war nicht schlecht aber auch nicht sehr gut.,Llama70B,4,random
6a0a2004-cb54-42ca-b6b9-5af6c7a813bc,"Die Preise sind etwas zu hoch, aber ich würde wieder hingehen.",Llama70B,4,random
abb20eec-f622-429a-ad2c-d63b009bdc23,Ein Restaurant für jeden Tag.,Llama70B,4,random
97cb25d0-333d-49cc-ba0a-b46929518392,"Wir waren mit 2 Kindern da, Bedienung war schlecht und langsam.",Llama70B,4,random
f3e2c6fb-e53c-4d14-9301-fd8bfd7b7e82,Aber das Essen ist auch nicht billiger als im LOC.,Llama70B,4,random
2f3b49f6-6157-4549-b66a-16d4ee4ae5e3,Die Preise sind nicht gerade billig.,Llama70B,4,random
09e4b3d3-8f9a-4eb3-a09a-498dc1158948,"Auch das Ambiente ist nicht sehr angenehm, es sieht aus wie die Garage eines Autohauses.",Llama70B,4,random
b339234d-4fa7-4af5-a27d-2ade45f7a7c7,Wir waren begeistert und konnten das Lokal absolut weiterempfehlen,Llama70B,4,random
e85dde91-d3c7-4cde-8039-ce065f2e99d4,"Personal eher unfreundlich, aber auf jeden Fall hilfsbereit.",Llama70B,4,random
b60c7807-ab8a-4e8e-9971-d9a465ca9865,"Auch wenn das Essen gut und der Preis nicht zu hoch war, würde ich das Lokal wieder besuchen.",Llama70B,4,random
25efb7c8-cfe9-4cf5-b2cf-4db1e5652cb5,"Ich hatte einen Kaffee, der war auch gutes Preis Leistungsverhältnis.",Llama70B,4,random
ed913b93-d52d-44d6-8c3b-c367b84b463f,Das Essen war leider nicht so gut.,Llama70B,4,random
0bb35809-f198-45ab-8e0e-e42d1107c78d,"Das Essen war ok, aber nicht so besonders.",Llama70B,4,random
573c4e59-5035-4999-b55f-9ced3c71193a,Die Atmosphäre ist angenehm und die Besitzerin sehr freundlich.,Llama70B,4,random
2dfad370-e70e-45be-9207-a76cb09b3de4,"Das Essen war in Ordnung, aber nichts Besonderes.",Llama70B,4,random
62d77e4b-06a0-45f5-9811-9dec51e3bd04,"Ein Restaurant, das ich nicht empfehlen kann.",Llama70B,4,random
76bb7bd4-ed6f-4be8-9c89-9e93b6689de3,Die Bedienung war unfreundlich und die Stimmung sehr gedrückt.,Llama70B,4,random
a30413e0-cbe7-4af0-a11a-5e46743ffe71,Das Preis-Leistungsverhältnis ist einfach zu schlecht.,Llama70B,4,random
cb9612d2-2b63-4f99-b3f2-215e862fa276,"Das Ambiente ist sehr gemütlich, das Essen war lecker und die Bedienung war sehr freundlich.",Llama70B,4,random
2b8292f9-ad46-4fb9-abd0-7fcfbcc5cdb7,"Ambiente war sehr schlecht, das Essen war auch nicht gut.",Llama70B,4,random
06f2f3c9-e163-4bb0-9a9b-eae9d714de26,Wir hatten für 18.00 Uhr reserviert und wurden um 19.30 Uhr bedient.,Llama70B,4,random
77ed3588-6903-4842-9314-d792bba4a296,Wir waren sehr enttäuscht.,Llama70B,4,random
03920764-44f4-4922-907a-9a7d7da2dfa0,Alles in allem eine sehr enttäuschende Erfahrung.,Llama70B,4,random
6cc17308-6040-4cd9-9622-af9e4e6ad2cf,Wir kommen gerne wieder.,Llama70B,4,random
512e5811-4c29-4984-9909-111f11bd9a6e,Ambiente ist sehr schön und modern.,Llama70B,4,random
e64ca9f4-1807-456c-b1c6-8dd1eefaa15d,"Die Qualität des Essens war gut, wenn auch nicht aussergewöhnlich.",Llama70B,4,random
c4fb51ee-81f6-4e95-b90b-4bf753bc491b,Das Essen war sehr gut und schnell serviert.,Llama70B,4,random
f74af038-a912-4cc1-8b65-e68a2d50a7b2,"Etwas überfüllt, aber das Ambiente war toll.",Llama70B,4,random
100837e3-e4ba-4599-a818-f7b59ee88aad,Zum Ambiente : Wir waren an einem Samstagabend dort und es war überfüllt.,Llama70B,4,random
75b3c033-faa5-445b-a3f4-efaca56aaf27,"Das Lokal ist schon etwas älter, aber nicht schlecht.",Llama70B,4,random
5a6e0468-1986-4ac4-9629-6ac422292153,Das Essen war so schlecht wie selten.,Llama70B,4,random
4c70bc53-9e50-41e0-9b27-d268a4b654a1,"Leider ist das Ambiente im Sommer nicht so schön, aber die Qualität des Essens ist unübertroffen.",Llama70B,4,random
bec91237-8373-4808-ab97-897b955d1b6e,Wir waren sehr zufrieden mit der Preis-Leistungs-Relation und dem Essen.,Llama70B,4,random
9da89700-1c00-4857-af0b-38924d601794,Preis war eher teurer aber auch das Service.,Llama70B,4,random
e32ec3f3-cd9f-46a6-875d-3d2307352087,Das Preis/Leistungsverhältnis ist gut.,Llama70B,4,random
97a6f787-8519-4c06-9a49-50db557b10e5,Wir hatten einen guten Tisch direkt am Fenster.,Llama70B,4,random
8f87eb75-d47e-4f68-bc51-d4d4e8da8e8c,Die Atmosphäre ist gemütlich und die Bedienung freundlich.,Llama70B,4,random
a1fc1e83-18b1-4aae-89d2-a9a83890ca69,Wir waren sehr enttäuscht.,Llama70B,4,random
0a7151cf-0462-4062-8dd1-08a9b641f267,Dieses Restaurant ist definitiv eins der besten in München!,Llama70B,4,random
e9c2b9a2-4a4c-4f50-8e66-1af57a4d4102,Die Preise sind fair.,Llama70B,4,random
1dd8e916-0ef7-4a97-a0e2-0885b551b959,Nur zu empfehlen wenn man ein Schnäppchen erhascht.,Llama70B,4,random
ee40272a-66d1-4aaa-9b94-71866699abf7,"Das Personal war sehr freundlich, aber das Ambiente überhaupt nicht angenehm.",Llama70B,4,random
06068faa-b71f-4729-886b-8858c3068042,Die Preise waren für die Qualität des Essens aber in Ordnung.,Llama70B,4,random
b00ab57d-9f43-4cf9-a1ff-d95db77a5f8e,Die Service war sehr freundlich und die Atmosphäre angenehm.,Llama70B,4,random
5564c584-4eb6-4d74-aa1c-f0b0cd99752e,Die Pizza ist eh gut aber nichts Besonderes.,Llama70B,4,random
28157d4d-de99-4f3a-867c-c9e46b81fb09,Wir waren sehr zufrieden und würden wiederkommen.,Llama70B,4,random
a5ecf1b4-8684-406b-bd69-743b87e294b0,"Ein Burger für 19,50 € ist schon ein bisschen viel.",Llama70B,4,random
6f178763-cf6a-49cc-ad58-f75262287aa2,Auch das Ambiente ist nicht schlecht.,Llama70B,4,random
2dca8506-b836-499c-bc98-40b9a5ee2850,"Aber das Preis Niveau, das ist schon etwas anderes.",Llama70B,4,random
3746b619-3339-4227-9e27-0fa15bfda041,Wir waren mit Pizza und Preis/Leistung nicht wirklich zufrieden.,Llama70B,4,random
2b10f584-a452-408f-b129-32458382f6c8,Dieser Preis ist aber wirklich überhöht.,Llama70B,4,random
e69bdc07-8312-48ee-a8be-0d2885b13847,Wir sind sehr enttäuscht und werden nicht wieder kommen.,Llama70B,4,random
9a8dcb42-1a63-47aa-acfc-d8ab66de510d,"Die Terrasse war sehr schön, der Kaffee auch.",Llama70B,4,random
9357705a-03e2-4ae8-8a81-1239e19d67a5,"Das Essen war nicht schlecht, aber auch nicht besonders gut.",Llama70B,4,random
1ccbf6d9-b96f-4e16-967f-5451f47a84f7,Die Mitarbeiter sind sehr freundlich und hilfsbereit.,Llama70B,4,random
cc6c9c03-7c29-4592-b938-32060fa8e26d,Die Atmosphäre ist sehr entspannt und gemütlich.,Llama70B,4,random
4d6e9538-1597-4f7a-9706-1e3424e0627c,Die Speisen waren gut.,Llama70B,4,random
7aa512d2-ddad-45d6-9d56-6a8df284c54c,"Der Kellner war sehr freundlich, das Essen kam schnell.",Llama70B,4,random
4d3b7a19-0f59-475f-9f5b-00c39bbe954a,Wir waren mit 4 Leuten da und hatten keine gute Erfahrung mit den Mitarbeitern.,Llama70B,4,random
b5e660c9-5d65-4bd8-a4a8-363a730859ca,"Ein schönes Essen in der guten Atmosphäre, aber auch ein schlechter Rundum Service und die Preise sind nicht gerade billig.",Llama70B,4,random
1e341211-fd2f-45c6-b1c9-ab8445077cd4,Die Servicekräfte waren sehr freundlich und bemüht.,Llama70B,4,random
5777e9b6-8bc3-4201-92dc-ea5fbf1b6881,Die Qualität ist gut.,Llama70B,4,random
22eb1d8f-db6b-40fa-8af8-812f0abda047,Ein Burger wie er sein sollte!,Llama70B,4,random
4d74d0d4-eaf5-42fb-8f1e-06a21d16ae1c,Hab mir ein Gebäck genommen.,Llama70B,4,random
70a6bb31-dc4a-4ef2-b0cb-1bcdbd6327d5,Ein Wein war leider nicht mehr vorhanden.,Llama70B,4,random
6447cc0a-a8f1-4fe7-9972-0597475699d2,Das Essen war wirklich lecker.,Llama70B,4,random
67b599b8-847b-4dac-814d-9bd2819e7785,"Wir kommen gerne wieder, aber nur wenn wir einen guten Angebot bekommen.",Llama70B,4,random
0e447dea-c23c-4771-9959-17854cc8d178,"Ein Ambiente, das einem einschläfert.",Llama70B,4,random
f8c9791f-83b0-45b0-9284-aaeaa282527b,"Wenn ich mir aber am Mittagessen ein Essen bestelle, dann möchte ich auch nicht sofort wieder essen gehen.",Llama70B,4,random
913a58e8-b54b-41a9-813a-42a86effe684,Wir waren sehr enttäuscht über die so hochgelobte LOC.,Llama70B,4,random
0027805f-4282-4d09-94dd-e4e57e0abef3,"Das Essen war schön, aber nichts Besonderes.",Llama70B,4,random
fd913d3d-90ba-4560-a9e8-885d4c7a3e34,"Die Lokale, die wir besucht haben, waren alle sehr unterschiedlich und in diesem Fall war es einfach nur schade.",Llama70B,4,random
cb42b658-b2e3-4721-8819-279b9bc26c6b,"Das Ambiente ist sehr schön und die Bedienung war freundlich, aber langsam.",Llama70B,4,random
a6d084ae-5995-4708-a70f-7c7bbfcb56fe,Wir haben uns sehr wohl gefühlt und die Bedienung war super.,Llama70B,4,random
8fda0e3c-457f-434a-b808-7de559a26d94,Der Service war sehr freundlich und professionell.,Llama70B,4,random
d595b6bf-0d3f-41a4-8dac-fe3066f2ea38,"Für die Atmosphäre, das Essen und den Service muss man sich aber auch nicht zuviel zahlen.",Llama70B,4,random
87f976f6-cf7e-434a-9d1b-d2ded0264c54,Wir kommen wieder.,Llama70B,4,random
c901e395-254e-4ccf-b2e4-af5aaa5984d9,Preis ist ok.,Llama70B,4,random
fc095707-1488-4148-8873-7cde1b6a0ffc,"Ruhige Atmosphäre, freundliches Personal.",Llama70B,4,random
a8e0f31d-cd9c-4dc4-bb40-4896a3f0ba0e,Wir waren mit 5 Leuten im Restaurant und hatten für uns alle ein schönes Essen.,Llama70B,4,random
d65741f9-91d6-4923-86cb-8922145b106b,Wir sind sehr enttäuscht und werden das RESTAURANT_NAME nicht mehr besuchen.,Llama70B,4,random
8186dc0b-74b6-46a6-a1e4-1cdc3c619903,Das Ambiente ist eher rustikal und nicht sehr gepflegt.,Llama70B,4,random
f1ec857d-3ad8-46ce-bec8-06fe71b21df5,Auch das Ambiente ist sehr schön.,Llama70B,4,random
75befc12-d69d-4293-9e8e-48d760d613e6,"Nach einem langen Tag im LOC, war die Stimmung in der Lounge sehr angenehm, die Sitzplätze gut und das Essen schmeckte.",Llama70B,4,random
5cf5e2b7-dd20-4351-b96c-273ff3695062,Auch die Preise sind sehr hoch.,Llama70B,4,random
d9f1e823-28e6-4e2c-a4d4-f026cf2c41bc,Das Ambiente ist sehr gemütlich.,Llama70B,4,random
bad4033d-6462-4644-b303-09e0b3b9ef77,"Schade nur, dass das Essen so teuer ist.",Llama70B,4,random
8e1f6476-3d65-440a-bf64-0a8f45007c96,"Ein unschöner Abend, der mir 50€ gekostet hat.",Llama70B,4,random
781c0e97-b535-43dc-94c4-44d868faa182,Eine gemütliche Atmosphäre ist auch nicht vorhanden.,Llama70B,4,random
f31d0593-7db9-4ea0-9027-6961cca8842e,Der Preis ist auch in Ordnung.,Llama70B,4,random
35dcc556-34fb-4d76-a030-445396cba765,Das Preis-Leistungsverhältnis ist nicht wirklich gut.,Llama70B,4,random
85b0ca19-dad3-491f-9794-135e2fe1f944,Das Preis-Leistungsverhältnis ist gut.,Llama70B,4,random
5b6b172a-348b-4fb4-a3af-a76d02c38fb3,Ein schöner Biergarten mit Blick auf den See.,Llama70B,4,random
a8a91696-4733-43ab-825a-179a7ef282a2,Ein Service mit dem ich nicht zurecht komme.,Llama70B,4,random
26083782-650d-4474-b0c1-26473a47fd72,Für den Preis war es ok.,Llama70B,4,random
