,id,text,model,split,few_shot_condtion
0,07b8593c-50a7-4eaa-8d2a-1843cb0b6d8c,Das Essen war in Ordnung.,GPT-3,0,fixed
1,c79c8f94-def7-4cd9-858a-1e16306300e8,Das Preisniveau ist angemessen.,GPT-3,0,fixed
2,6387a473-3da9-4cd2-a453-39a0ce8206b0,"Das Gericht war okay, aber nicht besonders beeindruckend.",GPT-3,0,fixed
3,5f64985f-6382-4e1c-a3ad-e1f535d2a80b,Die Einrichtung des Restaurants ist durchschnittlich.,GPT-3,0,fixed
4,9d1a059d-cffd-4c48-a5e9-08039c251b0c,Das Restaurant hat eine durchschnittliche Atmosphäre.,GPT-3,0,fixed
5,63fd977e-681a-4061-b7b3-3e46f851ed39,"Das Ambiente war enttäuschend, aber der Service war in Ordnung.",GPT-3,0,fixed
6,65548a13-01e0-484b-86ec-4374ab5be737,"Der Service war enttäuschend, aber das Essen war ausgezeichnet.",GPT-3,0,fixed
7,2b6134f8-4eb2-43f0-81fe-95be5dbd4f62,Der Service war ausgezeichnet.,GPT-3,0,fixed
8,18265106-4d15-456d-9760-7be20ab95b1a,Das Ambiente war enttäuschend und nicht einladend.,GPT-3,0,fixed
9,b6067a8e-35b8-4273-93db-d8f1b51e25a6,Das Essen war leider nicht genießbar.,GPT-3,0,fixed
10,cc06e553-1f5c-453b-87ae-fd15ea8278bb,Das Personal war unfreundlich und langsam.,GPT-3,0,fixed
11,c8be7857-dd32-4bd2-8bb3-5b8f1a26246d,Das Servicepersonal war sehr unfreundlich und unprofessionell.,GPT-3,0,fixed
12,937f67d5-7884-4d98-aa56-b047045e3120,Ich war von dem Restaurant sehr enttäuscht.,GPT-3,0,fixed
13,e2377a06-80bc-4ea4-80ec-8c86a6530cb0,Das Ambiente ist sehr angenehm.,GPT-3,0,fixed
14,bfa4275d-4d2d-4e78-9eec-a6721da30978,Der Service war okay.,GPT-3,0,fixed
15,40def7ad-03fa-4606-b50f-9b413d275830,"Das Essen war okay, aber insgesamt war es nichts Besonderes.",GPT-3,0,fixed
16,14bd2167-f76f-487a-92dc-da41428c49f0,Sehr empfehlenswert!,GPT-3,0,fixed
17,b5510a56-d8cb-4a66-9dde-052e7d97edcf,Der Preis ist angemessen.,GPT-3,0,fixed
18,9fea5907-1a70-46e5-bfe6-575fc73cf90b,Das Restaurant hat eine durchschnittliche Atmosphäre.,GPT-3,0,fixed
19,d00c43c5-8a12-48fb-b6fb-0ce57208eb88,"Das Essen war enttäuschend, der Service war okay, das Ambiente war schön, insgesamt war der Eindruck gemischt, aber es gab auch positive Punkte.",GPT-3,0,fixed
20,2589a3f4-ac16-4563-9bea-091980bde4d3,"Die Preise sind viel zu hoch, und insgesamt war der Besuch enttäuschend, das Ambiente war okay.",GPT-3,0,fixed
21,990cf1a8-4d6c-402c-90dc-3f4cd4999cd3,"Die Vorspeise war köstlich, das Hauptgericht war okay, aber das Dessert war eine Enttäuschung.",GPT-3,0,fixed
22,311de10e-1909-4012-a362-fce9590575ae,"Der Service war leider nicht zufriedenstellend, aber das Essen war sehr gut und das Ambiente war nicht besonders ansprechend.",GPT-3,0,fixed
23,2a6360a7-3b5c-479e-9fc1-2d9f822d634a,"Das Essen war sehr lecker, der Service war in Ordnung und das Preis-Leistungsverhältnis war angemessen.",GPT-3,0,fixed
24,ce9fca4c-0093-49e2-bdd2-ff39c98ac627,Die Pasta war leider zu salzig.,GPT-3,0,fixed
25,6ab5af00-af1c-42be-8ff4-3806fa25d8c2,"Das Essen war gut, aber der Preis ist etwas hoch.",GPT-3,0,fixed
26,920bc668-6a41-4310-afa2-15443befdf49,Der Preis ist in Ordnung.,GPT-3,0,fixed
27,d9e01297-fc55-45ed-9890-474dd53eade8,Das Ambiente war enttäuschend und wenig einladend.,GPT-3,0,fixed
28,338b820b-c679-496c-8a7a-3fccbf208f2c,"Der Service war sehr gut, das Essen hat geschmeckt, aber das Ambiente war nichts Besonderes.",GPT-3,0,fixed
29,4976ad97-0f4e-4a00-8582-605bd1c1e1e1,"Das Essen war enttäuschend und insgesamt war der Eindruck nicht gut, der Service war in Ordnung, aber das Essen war wiederum nicht gut.",GPT-3,0,fixed
30,d1b1b8aa-e1d7-4523-8555-33cd536e0d1b,Ich bin von diesem Restaurant sehr enttäuscht.,GPT-3,0,fixed
31,f47beecb-2517-4ede-8796-0fe922a80420,Ich hatte eine großartige Erfahrung in diesem Restaurant.,GPT-3,0,fixed
32,2210b971-6f08-4fa8-85a6-35064636eeac,Ich bin von dem Restaurant sehr enttäuscht.,GPT-3,0,fixed
33,40caae27-6a16-47d7-93aa-42a8b4cfb430,Das Ambiente war enttäuschend.,GPT-3,0,fixed
34,e354262a-eac7-4ba6-8fe7-6eb15e0c8477,Ein wirklich tolles Erlebnis mit sehr nettem Servicepersonal.,GPT-3,0,fixed
35,fef75202-0184-4780-90ea-ef05be553887,Ein schönes Restaurant mit einer durchschnittlichen Atmosphäre.,GPT-3,0,fixed
36,78f87884-417f-4a92-9a63-0c777bf84a82,"Der Service war in Ordnung, aber das Preis-Leistungs-Verhältnis stimmte nicht ganz und das Essen war sehr lecker.",GPT-3,0,fixed
37,e00152ab-ee64-43a4-bd36-1af033e22b4c,Das Essen war ausgezeichnet.,GPT-3,0,fixed
38,e21a204f-0cc7-4008-94fa-0bd8b26cc4ba,Das Ambiente war enttäuschend und die generelle Impression eher neutral.,GPT-3,0,fixed
39,9bcbfe87-36af-45b1-b8cf-6ecdf9059524,"Das Personal war sehr freundlich und zuvorkommend, insgesamt hatte ich einen positiven Eindruck vom Restaurant, aber das Ambiente könnte etwas gemütlicher sein.",GPT-3,0,fixed
40,5d785c39-9e51-4040-be2f-fd03054bd08a,Ein wirklich tolles Restaurant!,GPT-3,0,fixed
41,38d73e55-b724-47a7-9660-2b5076ad1b49,Es ist okay.,GPT-3,0,fixed
42,5572ed9a-55ed-4d75-af3f-c7204f8fa32c,"Das Preis-Leistungsverhältnis war gut, das Essen war in Ordnung, der Preis angemessen, aber der Service war enttäuschend.",GPT-3,0,fixed
43,a2987b10-315b-47a3-a6f7-edbcec0e6161,Der Preis ist weder besonders günstig noch übermäßig teuer.,GPT-3,0,fixed
44,f07bcae9-fd19-40c0-aa58-91aab9591c33,Das Essen war leider nicht gut.,GPT-3,0,fixed
45,fdbc913b-2344-47b2-9cc5-7b79b83639fa,Der Service war sehr unfreundlich und langsam.,GPT-3,0,fixed
46,9d6a7d68-6164-43cf-a592-0046186a39e7,Die Atmosphäre war nicht gemütlich und einladend.,GPT-3,0,fixed
47,185dce9c-2f32-4850-a7f9-9c3b960b5054,Die Preise sind viel zu hoch.,GPT-3,0,fixed
48,4093f91e-4168-417b-9fd7-03a5b706742c,"Es war okay, aber nichts Besonderes.",GPT-3,0,fixed
49,a92cc783-1869-4be8-aaf1-cff0caa09348,Der Service war sehr aufmerksam und zuvorkommend.,GPT-3,0,fixed
50,5458ea08-c2bb-43d5-8991-a5d3e77d4266,Die Preise sind angemessen.,GPT-3,0,fixed
51,1259133f-b8fd-42c2-8ee1-876c82501182,Das Restaurant hat mich enttäuscht.,GPT-3,0,fixed
52,58e75b4a-b1ab-414a-84f7-e202c0cb8edb,Der Service war in Ordnung.,GPT-3,0,fixed
53,c05f5578-34cc-4664-9a2c-e787df1a1833,Die Pizza war sehr lecker.,GPT-3,0,fixed
54,96d2bd46-d162-451d-ad31-49f935b195dc,Der Service war sehr unfreundlich.,GPT-3,0,fixed
55,cad03c74-4eb7-42c6-b0b2-3ad0763da068,Das Essen war wirklich enttäuschend und insgesamt bin ich sehr enttäuscht.,GPT-3,0,fixed
56,b0b1e4ed-b341-4a77-a730-34fe6ed4e0e7,Der Preis ist angemessen.,GPT-3,0,fixed
57,cf0c43b3-e81a-4bfc-ab5c-773a04ba5a8c,Der Service war sehr aufmerksam und zuvorkommend.,GPT-3,0,fixed
58,1a5e267b-ee13-47b1-a6e6-04530ae50dc2,Der Service war sehr aufmerksam und zuvorkommend.,GPT-3,0,fixed
59,0b01c9d8-dd8a-4000-ab15-b358de2253c2,Der Service war durchschnittlich.,GPT-3,0,fixed
60,a8e39131-2c19-4332-a41a-d493a48efb9f,Das Ambiente war enttäuschend und die Preise waren zu hoch.,GPT-3,0,fixed
61,7625c14a-01fd-4a4d-b5ac-90d1ec67b8e2,Die Preise sind viel zu hoch.,GPT-3,0,fixed
62,4c75cda6-fb6e-4bba-9023-685641f2843b,Die Preise sind angemessen.,GPT-3,0,fixed
63,81fa7532-5bf2-42cc-8ba6-75487ccfd837,Das war eine enttäuschende Erfahrung.,GPT-3,0,fixed
64,8a2ac09a-8e9b-415b-a46c-a40b40c5a5e9,Der Preis ist angemessen.,GPT-3,0,fixed
65,17744049-69cd-4c29-8047-bea868c7185c,Die Preise sind für die gebotene Qualität definitiv zu hoch.,GPT-3,0,fixed
66,ba4f3882-70e5-45b1-972c-17c4caed29ec,Ich war sehr enttäuscht von diesem Restaurant.,GPT-3,0,fixed
67,69a9a26c-bba3-4ce6-b034-22607bfbade3,"Der Preis ist weder positiv noch negativ, aber insgesamt war der Eindruck negativ.",GPT-3,0,fixed
68,ae9fa3b4-af1b-45f4-a062-9209a1d00b00,Ein absolut empfehlenswertes Restaurant mit einem sehr guten Preis-Leistungsverhältnis.,GPT-3,0,fixed
69,e4210fd8-3332-4de1-9201-9071a9e0ce02,Es war ein großartiges Erlebnis.,GPT-3,0,fixed
70,eca1f703-515e-489a-af09-92f76b31b825,"Das Essen war sehr gut, aber der Service ließ zu wünschen übrig.",GPT-3,0,fixed
71,d36371ab-42d9-4b0b-a5d9-dcc412e7290c,Das Ambiente ist sehr schön und das Essen schmeckt ausgezeichnet.,GPT-3,0,fixed
72,4856a399-db8d-4c69-a7b1-c44210e910b2,"Der Service war in Ordnung, aber das Preis-Leistungsverhältnis war nicht angemessen, die Atmosphäre war schön und insgesamt war der Eindruck positiv, der Preis war okay.",GPT-3,0,fixed
73,a572a347-25f4-43bb-b545-054e2da9cae4,Der Service war ausgezeichnet.,GPT-3,0,fixed
74,45413113-e860-4104-86cb-9e4c86a5aa4d,Das Ambiente ist sehr angenehm.,GPT-3,0,fixed
75,428a942f-4f89-4c0b-b644-5634fbc1db73,Der Service war sehr unfreundlich.,GPT-3,0,fixed
76,19190ce3-b965-4dae-a147-ee332cca885a,Der Preis ist angemessen.,GPT-3,0,fixed
77,8acddc52-2193-49a3-ada7-08191ed22223,Das Ambiente war enttäuschend und nicht gemütlich.,GPT-3,0,fixed
78,ca076d66-7cc2-4468-8721-7d876eb54976,Alles in allem ein gelungener Abend.,GPT-3,0,fixed
79,81fb60c5-9864-4de1-b180-51a1d2c0771a,Das Personal war sehr unfreundlich und unprofessionell.,GPT-3,0,fixed
80,e97ab6e2-d6f5-4096-b1f5-6663c2b63514,Das Preis-Leistungsverhältnis ist angemessen und das Essen schmeckt hervorragend.,GPT-3,0,fixed
81,189e5b09-2bfe-446b-a47f-a577db37fbfb,Einfach nur großartig!,GPT-3,0,fixed
82,3990aeec-6480-4ebb-a0b7-c37aa4e0890c,Das Preisniveau ist angemessen.,GPT-3,0,fixed
83,3a9b7ca9-a2d3-42b4-a9f1-7e6e365f3ccc,Der Preis ist angemessen.,GPT-3,0,fixed
84,a98edc14-c26c-4c49-b3f2-274e79ae2740,Das Essen war okay.,GPT-3,0,fixed
85,f1af3333-624c-4fd8-a852-99c6ce6652ea,Die Preise sind leider etwas zu hoch.,GPT-3,0,fixed
86,8d756fb1-74f9-4f73-9082-d6236111cd3b,Die Pommes waren leider kalt und labbrig.,GPT-3,0,fixed
87,1c47a16b-a253-4813-98e3-87de15a827fa,Das Ambiente ist sehr angenehm und gemütlich.,GPT-3,0,fixed
88,5dbce3c4-cbca-4008-8cd7-aa91553acf72,Die Preise sind angemessen und das Preis-Leistungs-Verhältnis stimmt.,GPT-3,0,fixed
89,24ee851f-dea6-49e2-8a32-126c87435519,"Es gibt nichts Besonderes an diesem Restaurant, das Essen ist okay, aber der Preis ist zu hoch.",GPT-3,0,fixed
90,7f8eb5ae-364f-4b14-bbf2-405f1afd00b7,Der Service war sehr unfreundlich und langsam.,GPT-3,0,fixed
91,9e361b8b-baa3-43dc-a921-3accfe0ce979,Die Preise sind viel zu hoch für die gebotene Qualität.,GPT-3,0,fixed
92,02a0ce5f-4a0c-4831-b450-ef766606a08f,"Der Service war sehr gut, aber das Essen war enttäuschend.",GPT-3,0,fixed
93,42d70ee7-34c9-40f4-8b80-6860162a3f9e,"Das Preis-Leistungsverhältnis ist gut, das Essen war in Ordnung, aber insgesamt war ich nicht zufrieden.",GPT-3,0,fixed
94,285fe398-bac2-4244-b6ec-39a94c17f247,"Ein insgesamt positives Erlebnis, das Essen war jedoch eher neutral.",GPT-3,0,fixed
95,a1e33b8d-ae30-4476-b908-6061e67045b3,Das Essen war köstlich.,GPT-3,0,fixed
96,a6d0e383-3e41-411b-8f18-91463b88bee0,Es war okay.,GPT-3,0,fixed
97,c4ac4933-77d7-40a8-ab67-541c8ce26c27,Die Atmosphäre war okay.,GPT-3,0,fixed
98,e5d70d1c-8412-4215-834b-60db03b7f17d,Das Restaurant hat mich nicht wirklich beeindruckt.,GPT-3,0,fixed
99,dfd29e16-e6dc-4588-bf0e-1fc9888c0523,Das Essen war köstlich.,GPT-3,0,fixed
100,73528e51-9dea-4386-b8b5-df9948c2a2fa,Das Essen war kalt und der Service unfreundlich.,GPT-3,0,fixed
101,ff7b2146-2e6c-49c8-8d58-856b66b0ec7a,"Die Preise sind etwas hoch, aber die Qualität rechtfertigt es.",GPT-3,0,fixed
102,da75fbdc-1395-4196-94cc-e2ef2d6d19c8,"Das Personal war sehr freundlich, aber das Essen hat mir nicht geschmeckt.",GPT-3,0,fixed
103,d9911faf-da65-4519-90b4-3f1172bf96af,"Der Service war in Ordnung, aber der Preis war etwas hoch.",GPT-3,0,fixed
104,822e2491-6f4e-4fcb-8c67-cef0ef983d4d,Das Ambiente des Restaurants ist sehr angenehm.,GPT-3,0,fixed
105,500f69be-097f-4cfc-9ba0-8fc9fd29179d,"Es war okay, aber nichts Besonderes.",GPT-3,0,fixed
106,e4fc167d-0966-4532-88d1-002b26fa7c70,"Die Atmosphäre war enttäuschend, aber der Service war gut und der Preis angemessen.",GPT-3,0,fixed
107,5710f327-42bd-4cd4-ac11-0a3f8289b116,"Der Service war okay, und das Ambiente war auch in Ordnung.",GPT-3,0,fixed
108,377047f2-8d75-4f2c-b4f7-97816be3c31a,"Das Preis-Leistungsverhältnis ist gut, aber der Service lässt zu wünschen übrig.",GPT-3,0,fixed
109,bbdfbacc-1005-4cfc-b3d0-8598a9cdeaf4,Der Service war ausgezeichnet.,GPT-3,0,fixed
110,22ffb656-2984-4c9b-809a-d019f9d11d86,Die Preise sind viel zu hoch für die Qualität des Essens.,GPT-3,0,fixed
111,88989d8d-fe55-4479-b10c-eae48b91cf98,"Der Service war in Ordnung, das Essen war durchschnittlich.",GPT-3,0,fixed
112,0f34841b-3cfb-4b0a-b04f-23179335f473,Der Preis war angemessen.,GPT-3,0,fixed
113,3458859f-37d6-4a59-a581-5cfeb71014cb,Die Preise sind viel zu hoch für die gebotene Qualität.,GPT-3,0,fixed
114,780e6a54-a39f-406c-8c0c-f45e622e05c9,Das Preis-Leistungsverhältnis ist angemessen.,GPT-3,0,fixed
115,e6437525-6ca7-4f0d-9f32-973d0ee1abaa,"Das Essen war zwar gut, aber das Preis-Leistungs-Verhältnis stimmt nicht.",GPT-3,0,fixed
116,65305c54-1152-44c8-965b-eb347af65ad3,Das Essen war okay und der Preis angemessen.,GPT-3,0,fixed
117,f4dd7ed2-d8cf-4d19-8c59-aaba6eb897c7,Das Essen war leider nicht besonders gut.,GPT-3,0,fixed
118,e20e3634-abb0-4436-af3a-a8002528c08f,Das Essen war leider nicht besonders gut.,GPT-3,0,fixed
119,810adb94-48aa-4a14-80e7-74157aa0b71d,"Das Gericht war okay, aber nichts Besonderes.",GPT-3,0,fixed
120,71b3b8c0-311c-4b8e-9fce-ec80f6c265e1,Die Atmosphäre war okay.,GPT-3,1,fixed
121,76ab0220-3ac5-40c3-a29f-c9d496db03c2,Ein schönes Restaurant mit gutem Essen und freundlichem Service.,GPT-3,1,fixed
122,5c5deba8-6a29-46ed-b748-d0f74ace653f,Der Service war sehr aufmerksam und freundlich.,GPT-3,1,fixed
123,cddb794f-8da6-4ce5-917a-2bbf191d8a92,Das Essen war leider enttäuschend.,GPT-3,1,fixed
124,4f0dc354-6bca-4bc3-a373-35ee929ff504,Das Ambiente war okay.,GPT-3,1,fixed
125,9ece594c-a59e-4096-86b5-34709fd0a832,Das Restaurant hinterlässt einen durchschnittlichen Eindruck.,GPT-3,1,fixed
126,fdbfe6d1-9a55-41aa-ba92-137f8f266232,"Der Service war in Ordnung, aber die Preise waren zu hoch.",GPT-3,1,fixed
127,d919ba6e-d8d5-4b6c-8769-deef8aabf467,Das Personal war sehr aufmerksam und zuvorkommend.,GPT-3,1,fixed
128,07ac4663-6eb7-42de-9013-6df15e07c848,Der Service war in Ordnung und das Restaurant hat einen neutralen Gesamteindruck hinterlassen.,GPT-3,1,fixed
129,fcdbef68-831d-4ba9-824d-8fa94c6676f2,Die Preise waren angemessen.,GPT-3,1,fixed
130,21c2beeb-e19d-4ddc-b781-b643b6431711,Der Service war in Ordnung.,GPT-3,1,fixed
131,389f03ca-e24a-4150-9d77-247e86795be0,Die Musik war viel zu laut und störte die Unterhaltung.,GPT-3,1,fixed
132,69dff2d4-c4fc-4af1-a4eb-be1e65f46825,"Das Restaurant war okay, aber die Preise waren angemessen.",GPT-3,1,fixed
133,f1b783c5-64d0-45c9-a7ab-615d00ef0e23,Das Personal war sehr aufmerksam und freundlich.,GPT-3,1,fixed
134,4a125973-123c-4c17-94c1-6d2b10e41e89,"Das Interieur des Restaurants ist eher durchschnittlich, aber die Lautstärke stört.",GPT-3,1,fixed
135,d819db07-bcb4-43b4-a587-fed6a841a413,Das Personal war sehr aufmerksam und freundlich.,GPT-3,1,fixed
136,b444a8ae-dac9-4414-922c-30b502534983,"Das Restaurant war okay, aber nichts Besonderes.",GPT-3,1,fixed
137,d26e87dc-798f-451d-8963-5c32ea0292f5,Das Essen war leider nicht gut.,GPT-3,1,fixed
138,183dffa0-a53c-4ef0-872c-1aa78a3d54bf,Die Preise sind viel zu hoch.,GPT-3,1,fixed
139,b3e65842-082f-4e84-8846-8917ac51ce22,Das Restaurant ist sehr laut und ungemütlich.,GPT-3,1,fixed
140,868d3c37-a0de-4af4-8420-2cc22a040e60,Das Ambiente war nicht besonders gemütlich und die Preise waren angemessen.,GPT-3,1,fixed
141,32c8a4c8-7df2-40f9-9a8a-17da516df15d,Ich war enttäuscht von dem Restaurant.,GPT-3,1,fixed
142,3814559d-f9b4-463a-93a9-8207659f1848,Das Essen war okay.,GPT-3,1,fixed
143,6f0d1d56-997d-4444-b663-7116391c6cb0,Die Atmosphäre in diesem Restaurant ist sehr angenehm.,GPT-3,1,fixed
144,d7db13f0-3b74-4b91-838f-5d18e47f3ed9,Der Service war leider sehr langsam und unfreundlich.,GPT-3,1,fixed
145,b9f6bc03-a07e-4be9-842a-c2b35f8d1788,"Das Essen ist zwar etwas teuer, aber es lohnt sich.",GPT-3,1,fixed
146,cf193fcc-a1b9-453a-8944-803179396cf5,Die Atmosphäre war leider sehr ungemütlich.,GPT-3,1,fixed
147,fd9d209b-cb52-4091-a5ab-9c5983ce93ff,Ein sehr empfehlenswertes Restaurant mit einer tollen Atmosphäre.,GPT-3,1,fixed
148,3c0f3349-2120-4d5d-891f-be756bcf5903,Das Essen war ausgezeichnet.,GPT-3,1,fixed
149,a0977229-20a1-4b89-b59e-3d520506edc7,Das Essen war wirklich lecker.,GPT-3,1,fixed
150,61427e57-0c9d-43e3-9b91-67b94e25ee3a,"Das Essen war wirklich lecker, aber insgesamt war der Eindruck enttäuschend.",GPT-3,1,fixed
151,a2d07269-1130-4ede-ac92-c91bf130bf08,"Das Essen war okay, aber insgesamt war der Eindruck negativ.",GPT-3,1,fixed
152,b4d63cb1-efda-49c5-b4f9-d0c5fbae2808,Das Lokal hat eine durchschnittliche Atmosphäre.,GPT-3,1,fixed
153,1dce40cc-2a78-4186-a36c-ef4988495e0e,"Die Atmosphäre war okay, aber der Service war sehr schlecht und insgesamt war der Eindruck nicht gut.",GPT-3,1,fixed
154,9d01f7bc-8cf6-408e-a6af-43a7dce48908,Es war okay.,GPT-3,1,fixed
155,823a6266-5555-4d47-a16b-79cf8fe16a89,Die Preise sind viel zu hoch.,GPT-3,1,fixed
156,d94cccdc-5994-49ce-89d1-9251ba83bef9,Das Preis-Leistungs-Verhältnis ist angemessen.,GPT-3,1,fixed
157,93bf8a56-1da8-4e4e-9648-d1182262c074,Der Service war in Ordnung.,GPT-3,1,fixed
158,372a8479-9bbf-47ef-8038-c85b36a78005,"Das Essen war sehr lecker, aber das Ambiente war eher durchschnittlich.",GPT-3,1,fixed
159,88a338e4-19ac-40c5-bbb6-c8cb41e7a206,Leider war mein Gesamteindruck von diesem Restaurant eher negativ.,GPT-3,1,fixed
160,4d93f08e-5383-4240-b26a-10a72994d5ec,Leider war ich von dem Restaurant insgesamt enttäuscht.,GPT-3,1,fixed
161,6dd6d80e-b117-465c-8392-b717ef35661d,Das Personal war sehr aufmerksam und zuvorkommend.,GPT-3,1,fixed
162,528ea346-d4ca-4e88-996f-d88a490bd2ad,Die Preise waren angemessen.,GPT-3,1,fixed
163,32a6f31d-ba3d-4101-9db1-d642d29e947a,Der Service war okay.,GPT-3,1,fixed
164,835bbe96-5484-4fc9-b78e-5557a8f07da3,Die Atmosphäre war okay.,GPT-3,1,fixed
165,20495b3c-0555-4f5b-9fe9-fb07b3dfa8d2,Das Essen war leider nicht besonders gut.,GPT-3,1,fixed
166,a4f431ff-1ad6-4447-9d8a-be1b80d58e05,Das Restaurant war okay.,GPT-3,1,fixed
167,c8ea2329-5b4a-474a-a93e-1ab01f67f97c,"Das Essen war enttäuschend, das Ambiente war in Ordnung, aber insgesamt hatte ich einen negativen Eindruck vom Restaurant.",GPT-3,1,fixed
168,4cc7cd48-e173-4d17-b288-e170ecb68eed,"Die Atmosphäre ist sehr angenehm, aber der Service lässt zu wünschen übrig.",GPT-3,1,fixed
169,7bb64e05-7ddf-4346-8314-e6d4425c0951,"Der Service war okay, aber die Preise waren angemessen.",GPT-3,1,fixed
170,c211c153-1003-4fc6-bc40-0dcba00f390a,Die Atmosphäre war sehr ungemütlich und das Essen hat leider überhaupt nicht geschmeckt.,GPT-3,1,fixed
171,e7f984fb-94ff-44c6-84e6-fc846bfd5a60,Der Service war enttäuschend.,GPT-3,1,fixed
172,33d3c177-8a36-4364-a8e5-e2ca6a8e5ad9,"Das Essen war okay, aber nichts Besonderes.",GPT-3,1,fixed
173,608333f3-796d-47f9-abc6-6ce96640666a,"Die Einrichtung ist sehr schön, aber die Musik ist viel zu laut.",GPT-3,1,fixed
174,6d861877-9c2b-45bd-911d-95e2e25ca6db,"Die Preise sind angemessen, das Gesamtbild ist okay und der Service ist gut.",GPT-3,1,fixed
175,3d5bf8e6-7f1d-41c9-b5bd-4e228dda0a82,"Die Preise sind ziemlich hoch, aber der Service war gut und das Essen war enttäuschend.",GPT-3,1,fixed
176,81d7d602-a6cc-4bc0-84c9-0bf8bdc3d080,Das Restaurant hat eine durchschnittliche Atmosphäre und Einrichtung.,GPT-3,1,fixed
177,48ed4ed2-d571-44bd-a6ed-d9ec4937fa21,Der Service war durchschnittlich.,GPT-3,1,fixed
178,e9963fec-1237-471f-b89a-8cda1640991e,Das Essen war leider enttäuschend.,GPT-3,1,fixed
179,fc76128f-4a66-4cf1-93e5-d5198d1da3af,Die Preise waren angemessen.,GPT-3,1,fixed
180,2003285c-3434-46be-8370-64759f4c22ee,"Die Preise sind etwas hoch, das Essen ist okay und das Ambiente ist durchschnittlich.",GPT-3,1,fixed
181,178dca98-f961-47cf-96e3-f2b71aac936b,Die Preise sind angemessen.,GPT-3,1,fixed
182,39c9f936-1b21-4cc3-9acf-c2c262e7d64d,Die Preise sind angemessen.,GPT-3,1,fixed
183,fc16289c-14ff-4d31-9659-345a8d75bd57,Ich war enttäuscht von meinem Besuch in diesem Restaurant.,GPT-3,1,fixed
184,a8e2ff49-c813-400d-b899-f2e7cc0bd7c4,Es war okay.,GPT-3,1,fixed
185,d3d4e0ef-c62d-48a5-b805-22ac1fede777,Die Preise sind etwas zu hoch.,GPT-3,1,fixed
186,581d2147-6fa0-46c4-9351-8f23f687bd88,Ein wirklich tolles und gemütliches Restaurant mit einer super Atmosphäre.,GPT-3,1,fixed
187,f7178b55-2714-4bce-99b7-c98fa0f8e631,Der Service war sehr unfreundlich und langsam.,GPT-3,1,fixed
188,eca9ef52-a666-427a-8fd1-3e23d5cdbd85,"Das Personal war sehr freundlich und zuvorkommend, jedoch waren die Preise etwas höher als erwartet.",GPT-3,1,fixed
189,28605477-a573-46c5-949f-a569a3c6d3be,Die Atmosphäre war eher ungemütlich und die Preise waren zu hoch.,GPT-3,1,fixed
190,2e62ebad-234e-4b3e-a2c2-eb162ec1e78d,Ich war sehr zufrieden mit meinem Besuch in diesem Restaurant.,GPT-3,1,fixed
191,db561ab0-e3a7-497f-bd74-1c9b555b453a,Die Preise sind definitiv zu hoch.,GPT-3,1,fixed
192,991a2884-7c7c-4512-8432-be25ce48847b,Ein sehr schönes Restaurant mit einer angenehmen Atmosphäre.,GPT-3,1,fixed
193,f82cf5dd-7fa1-49e5-982c-105579db0bb5,Das Essen war wirklich lecker.,GPT-3,1,fixed
194,9ef41016-088f-4b0d-9f62-317cd7354c7d,Die Preise sind angemessen.,GPT-3,1,fixed
195,428b5cee-7fac-4ad2-996f-beb8dd48a242,"Das Ambiente ist nicht besonders schön, aber die Preise sind angemessen.",GPT-3,1,fixed
196,a33749f4-18eb-44ec-bb36-b0f8c61a852e,Die Atmosphäre ist sehr angenehm.,GPT-3,1,fixed
197,5b125b69-12b5-4c9f-8e33-c52945ff99fd,"Die Preise waren angemessen, der Service war okay, aber nichts Besonderes.",GPT-3,1,fixed
198,7833cb64-6c48-47d8-baac-92cde7f08bee,"Das Essen war enttäuschend, der Service war in Ordnung, aber das Ambiente war schön.",GPT-3,1,fixed
199,b164a627-7350-4fed-9f15-e759391d580d,Ein sehr nettes Lokal im LOC von LOC.,GPT-3,1,fixed
200,b062bdeb-7850-41a1-8872-5444ded674bc,Ein tolles Restaurant mit einer großartigen Atmosphäre.,GPT-3,1,fixed
201,16d6f033-54b9-40a4-bdf6-9d472b2dfe47,Leider war ich von diesem Restaurant enttäuscht.,GPT-3,1,fixed
202,61d22782-a77d-4621-8a11-ec957dcf9e3f,Die Erfahrung war enttäuschend.,GPT-3,1,fixed
203,67ed6c96-2adb-43e4-bb8e-887288ddbbd0,"Die Suppe war leider etwas fade, aber das Hauptgericht hat dafür umso besser geschmeckt.",GPT-3,1,fixed
204,9350dc0f-a987-49f0-ae09-3d6cafc85366,Das Personal war sehr aufmerksam und zuvorkommend.,GPT-3,1,fixed
205,f3099080-9d13-4be8-b47f-36b3517e9558,"Das Restaurant hat eine interessante Einrichtung, aber die Beleuchtung könnte besser sein.",GPT-3,1,fixed
206,e0b0a1da-42d0-4a27-b3b6-8dc3273030c7,Der Service war sehr langsam und unfreundlich.,GPT-3,1,fixed
207,c7c497ad-5c95-47bc-8744-c44714b38387,Das Restaurant hat einen durchschnittlichen Eindruck hinterlassen.,GPT-3,1,fixed
208,cca0c548-3a1d-43c3-bad2-849b08e7a5af,Die Atmosphäre war sehr ungemütlich und laut.,GPT-3,1,fixed
209,328d00e9-60ad-4894-89c8-0c7c2fa7b1e5,Die Musik war viel zu laut und hat die Atmosphäre im Restaurant ruiniert.,GPT-3,1,fixed
210,4a5f8654-5e5a-46a1-9c4d-2b7bea53f27c,"Die Preise sind angemessen, aber der Service war manchmal etwas langsam und unkoordiniert, obwohl es auch positive Erfahrungen gab.",GPT-3,1,fixed
211,1e9e6c45-4593-4b12-937d-2fab23f00f40,Das Essen war enttäuschend.,GPT-3,1,fixed
212,8c851cfa-5b30-482c-a8af-e2491aedcfa6,Das Restaurant hat eine durchschnittliche Atmosphäre und das Essen ist auch durchschnittlich.,GPT-3,1,fixed
213,8a204baa-34ab-42d1-89c1-8c8df1a14434,Der Service war sehr unfreundlich und langsam.,GPT-3,1,fixed
214,682d4422-d68f-4639-9815-03157c123526,"Das Essen war sehr lecker, aber das Fleisch war nicht so gut wie erwartet und das Ambiente war durchschnittlich.",GPT-3,1,fixed
215,4f865f9a-5ef7-407d-9ad9-73e57911a3e6,"Der Service war durchschnittlich, aber der Kellner war unfreundlich.",GPT-3,1,fixed
216,2e998b13-fd75-4ba5-b1f8-5f0f3b3e805b,Die Musik war viel zu laut und störend.,GPT-3,1,fixed
217,ab5d37e0-3339-450a-a119-e095a148ff19,"Der Service war in Ordnung, aber die Bedienung war sehr nett und insgesamt hatte ich einen positiven Eindruck vom Restaurant.",GPT-3,1,fixed
218,c7612059-f15c-4795-93af-80701e7e533b,"Das Personal war unfreundlich, das Essen war köstlich und die Atmosphäre war durchschnittlich.",GPT-3,1,fixed
219,e00b0d38-7c4a-458f-8043-32f2df631935,"Die Atmosphäre war sehr angenehm und gemütlich, aber die Preise waren etwas zu hoch.",GPT-3,1,fixed
220,fe3e3234-34e8-4bb4-b29f-faa561b07dab,Das Steak war zäh und trocken.,GPT-3,1,fixed
221,cb8939da-082c-477d-935f-586f782af7a1,Ein rundum gelungener Besuch in diesem Restaurant.,GPT-3,1,fixed
222,5bae4b11-3494-490c-8024-7292978bd81e,Das Essen war sehr lecker und der Preis angemessen.,GPT-3,1,fixed
223,8aea2ece-f0d6-4cfc-9964-ea4643bbd6cd,Das Essen war in Ordnung.,GPT-3,1,fixed
224,73ced526-0939-47b4-9df4-37e5f014a377,"Die Bedienung war leider sehr unfreundlich, aber das Ambiente war sehr angenehm.",GPT-3,1,fixed
225,858f9fff-03bf-46f2-9b7a-a3fae1ba7d29,Das Personal war sehr freundlich und das Essen war in Ordnung.,GPT-3,1,fixed
226,8a735dbb-96b1-47df-b9b3-9be52c1893a4,Das Restaurant hat mich enttäuscht.,GPT-3,1,fixed
227,e6273570-055a-4627-8391-9abe36ad04b4,Das Essen war enttäuschend.,GPT-3,1,fixed
228,65a22555-d922-4d47-8059-ddfc02b47703,Die Atmosphäre war sehr ungemütlich und laut.,GPT-3,1,fixed
229,3cf7625b-7e16-4ccc-952b-aa36cee40f02,Der Service war unfreundlich und langsam.,GPT-3,1,fixed
230,d2266c35-6340-400f-943b-4f46417842d3,"Die Preise waren angemessen, der Service war in Ordnung und insgesamt hatte ich einen positiven Eindruck, obwohl ich die Preise etwas zu hoch fand.",GPT-3,1,fixed
231,929d07eb-205a-4fac-8f84-3179867e386d,Ein wirklich toller Ort mit einer großartigen Atmosphäre.,GPT-3,1,fixed
232,ecae15ea-b040-45d3-80dd-9c97c5e0ffed,"Die Preise sind angemessen und fair, aber manche Speisen könnten etwas günstiger sein.",GPT-3,1,fixed
233,5d2c44a4-313a-4d60-84fc-28d8ee96cf5d,Das Personal war sehr aufmerksam und freundlich.,GPT-3,1,fixed
234,f733e9b3-1a78-4bde-88cb-6a51b1ad1664,"Der Service war enttäuschend, das Ambiente war in Ordnung, aber die Preise waren zu hoch.",GPT-3,1,fixed
235,0a1f32ab-cf68-4348-abab-25630e2a8c9a,Das Restaurant war okay.,GPT-3,1,fixed
236,434c71dc-a446-46de-923c-e291508f0492,Die Speisen waren leider nicht besonders gut.,GPT-3,1,fixed
237,e0129074-0a4b-4f1c-926e-388d3febbb7d,Der Service war sehr unfreundlich.,GPT-3,1,fixed
238,25b7c483-23a1-40f0-b4af-5f709a25e16b,"Der Service war leider sehr unfreundlich, aber das Essen war in Ordnung und der Service danach war wieder gut.",GPT-3,1,fixed
239,82af2d14-630f-4447-a1a0-8b1ac7eeb03f,Das Ambiente war enttäuschend.,GPT-3,1,fixed
240,1824dde8-782a-4656-b231-ff5f0bc42a42,Die Preise sind angemessen und für die Qualität der Speisen gerechtfertigt.,GPT-3,2,fixed
241,6b5491ed-9217-4f4e-a783-536258c81aa5,Die Preise sind angemessen.,GPT-3,2,fixed
242,0a8bce09-1b6a-49a6-912e-09cf49d95458,Die Preise sind viel zu hoch für die Qualität des Essens und der Service lässt auch zu wünschen übrig.,GPT-3,2,fixed
243,69fd6e04-7e6e-420e-802d-de0f92bd6efa,"Der Service war enttäuschend, aber die Preise waren angemessen.",GPT-3,2,fixed
244,2c80e6fd-1d50-40d8-872a-61a93c49867d,"Der Service war in Ordnung, aber insgesamt war der Eindruck eher durchschnittlich.",GPT-3,2,fixed
245,cbadf9ff-dd31-4a3e-99db-718d48301ce9,Der Service war durchschnittlich.,GPT-3,2,fixed
246,3fb0e333-f7d2-4da2-9904-e05b761deaf5,"Es war okay, aber nichts Besonderes.",GPT-3,2,fixed
247,27462258-a349-43e1-a792-f70a811d8a3a,"Das Essen war in Ordnung, aber nicht besonders beeindruckend.",GPT-3,2,fixed
248,f8812035-36aa-4867-a7b3-bd30d2cd5303,Das Essen war köstlich.,GPT-3,2,fixed
249,79f3b56f-0bff-4cb7-98aa-11cb03778538,"Das Essen war in Ordnung, aber nichts Besonderes.",GPT-3,2,fixed
250,a326dd03-4cf3-4616-beb3-21098a239c2a,"Das Restaurant hat eine gute Atmosphäre, aber der Gesamteindruck ist nur durchschnittlich.",GPT-3,2,fixed
251,21556fc6-182c-4f12-bb5d-52bfe7bd26c4,Das Essen war köstlich.,GPT-3,2,fixed
252,061795a2-d833-4dfb-8e0e-fa2c3aa23a75,"Der Service war schlecht, die Preise zu hoch und insgesamt war der Eindruck enttäuschend.",GPT-3,2,fixed
253,69a6419c-47ea-45c3-a511-b896b287fef8,Das Essen war köstlich.,GPT-3,2,fixed
254,347e08e7-9183-4b78-8185-db49ec2e54d9,Das Restaurant hinterlässt einen sehr guten Eindruck.,GPT-3,2,fixed
255,f5340cad-4a80-4526-ba36-f215e18a113a,Das Ambiente ist sehr angenehm.,GPT-3,2,fixed
256,045e6f14-9bf9-4067-b354-94a6e67c227a,Das Ambiente ist sehr angenehm.,GPT-3,2,fixed
257,cf8e7ef9-58d0-4f66-99c0-db2432834b8d,"Das Ambiente war enttäuschend, der Service war nicht zufriedenstellend und insgesamt war der Eindruck nur neutral.",GPT-3,2,fixed
258,ebc71ef4-24ef-40a8-9571-f685068dcfd5,Die Preise sind angemessen.,GPT-3,2,fixed
259,8570f32e-c7e3-4cdb-98ae-7b30081d8ada,"Das Ambiente war enttäuschend, die Atmosphäre war ungemütlich und die Einrichtung war veraltet.",GPT-3,2,fixed
260,408a0a87-863d-4a33-ae06-695236da8752,Ein gelungener Abend im Restaurant.,GPT-3,2,fixed
261,52e88679-2926-40b3-9f04-354d2246a8d6,"Das Ambiente war enttäuschend, aber die Preise waren angemessen und das Essen und der Service waren gut.",GPT-3,2,fixed
262,41e22d70-8282-408d-8365-36988160901a,Die Preise sind viel zu hoch.,GPT-3,2,fixed
263,0c1c7e70-4ff7-42cb-b6bc-5d21bd5d7b13,Die Preise sind angemessen.,GPT-3,2,fixed
264,5df283f0-8689-41d9-b75a-0da99f9b5028,Das Restaurant hat eine durchschnittliche Atmosphäre.,GPT-3,2,fixed
265,9fcb8da0-a6d2-4c9d-a037-cbcba052af89,Der Service war in Ordnung.,GPT-3,2,fixed
266,9fe27853-12c2-48a0-ac14-fcafd0f00ad1,"Das Essen war enttäuschend, aber die Preise waren angemessen.",GPT-3,2,fixed
267,a172c910-f329-4af5-8986-5dcfa72027c2,Der Service war sehr schlecht und die Preise waren viel zu hoch.,GPT-3,2,fixed
268,df78091f-fa0b-4d93-8dcb-024260142d24,Der Service war in Ordnung.,GPT-3,2,fixed
269,d078cf2c-c6f6-4af0-b5f2-ecb4ec125af9,Das Restaurant hat einen positiven Gesamteindruck hinterlassen.,GPT-3,2,fixed
270,84797ab3-9c09-44ee-9579-20e50938332f,Die Preise sind angemessen.,GPT-3,2,fixed
271,87cf6545-c0f6-40d1-8441-077c1aa8f6d6,Die Preise sind angemessen.,GPT-3,2,fixed
272,16f2ad9c-d26e-4e65-90f6-e2956e1b7a80,Das Essen war köstlich.,GPT-3,2,fixed
273,fb76d631-a0cf-4b95-ba90-7d773f89adf2,Das Essen war enttäuschend.,GPT-3,2,fixed
274,4b70c1d7-9493-4196-8052-8c492fec52aa,"Die Preise sind etwas hoch, aber der Service ist gut und das Ambiente ist schön, allerdings war das Essen enttäuschend.",GPT-3,2,fixed
275,e938ccf1-841a-4408-9300-634ae8c07ce0,Es war insgesamt eine enttäuschende Erfahrung.,GPT-3,2,fixed
276,ee683c35-6e66-478d-b87b-33ab0dbe76e4,Das Essen war in Ordnung.,GPT-3,2,fixed
277,363b9c65-bf40-44ad-8d1c-b10a5730543d,Das Restaurant hinterlässt einen durchschnittlichen Eindruck.,GPT-3,2,fixed
278,b84fa7b7-e3ea-4cfb-be1b-6f4d4a2210d6,Das Ambiente ist sehr angenehm.,GPT-3,2,fixed
279,2a452dfe-2c83-4677-91e0-8f6d93b6c5ff,Der Service war sehr unfreundlich und langsam.,GPT-3,2,fixed
280,9e640502-53ff-4e5a-9687-13212ce9161a,Das Essen war in Ordnung.,GPT-3,2,fixed
281,a63fb4f2-4dea-4dc9-acf4-6bdc39264656,Die Preise sind angemessen.,GPT-3,2,fixed
282,4f046832-78ea-4e15-978c-73322a161c02,Der Service war in Ordnung.,GPT-3,2,fixed
283,8921db83-9449-4e00-afb0-e7a61894e094,"Die Preise und der Service sind in Ordnung, aber der Service könnte noch etwas freundlicher sein.",GPT-3,2,fixed
284,53ee0354-dc85-4586-9326-cc5ca6227d7c,Die Atmosphäre war sehr angenehm.,GPT-3,2,fixed
285,6a80c0d7-74d1-4552-9c26-a3ea6513572d,"Das Restaurant hat eine positive Gesamtwirkung, aber das Ambiente könnte verbessert werden.",GPT-3,2,fixed
286,69d3374b-88af-42be-b892-7feb3e04adc5,Das Essen war enttäuschend.,GPT-3,2,fixed
287,c90d1114-f5a0-4615-b5af-4a904cc47cf2,Der Service war ausgezeichnet.,GPT-3,2,fixed
288,471474ed-abd8-4bc5-9f6d-bbd881b18e21,Der Service war in Ordnung.,GPT-3,2,fixed
289,d5d6e0f0-3a12-4ee8-b3f4-5b7208cdd22b,Die Preise sind angemessen.,GPT-3,2,fixed
290,c2dc50fa-d3cc-41dd-8c9c-a9703fd39c90,Das Essen war köstlich.,GPT-3,2,fixed
291,6e4cf644-d1c7-440d-99aa-6727adcb098b,Das Ambiente des Restaurants ist durchschnittlich.,GPT-3,2,fixed
292,bb3b929c-05a8-45bc-8348-df615f1ad18a,Der Service war enttäuschend.,GPT-3,2,fixed
293,d7bc350c-905d-4fd9-8eab-18021d266017,Die Atmosphäre war in Ordnung.,GPT-3,2,fixed
294,0f9b5a0d-7cec-4973-b8fb-71ab541b26ff,Das Ambiente war enttäuschend.,GPT-3,2,fixed
295,c370b219-6319-46c7-9e6a-20765b278a66,Es war eine enttäuschende Erfahrung.,GPT-3,2,fixed
296,a98f7827-1f4d-4997-9c7d-7dda8b592125,"Das Restaurant hinterließ einen durchschnittlichen Eindruck, aber das Ambiente war sehr angenehm.",GPT-3,2,fixed
297,d12ddd9e-6a10-45e2-8234-d6eee646b045,Ein sehr enttäuschender Abend mit unfreundlicher Bedienung und durchschnittlichen Preisen.,GPT-3,2,fixed
298,77568de3-e3a6-4d40-a127-5cc47331552a,"Das Ambiente war enttäuschend, aber der Service war gut.",GPT-3,2,fixed
299,4d184c12-dd35-45cb-985c-9dbe9bd1974b,Der Service war in Ordnung.,GPT-3,2,fixed
300,f48950a0-2342-4c4c-9b5c-245fa44d0927,"Das Ambiente und die Preise sind in Ordnung, aber das Essen war wirklich gut.",GPT-3,2,fixed
301,c7f51d81-0806-46ce-8e6a-94ee0c0b5e1b,"Es war okay, aber nichts Besonderes.",GPT-3,2,fixed
302,4851022c-75e7-4fa1-b133-9a02e80884ec,Der Service war in Ordnung.,GPT-3,2,fixed
303,634db5cd-2196-42bc-aa21-2273b15eb6ba,"Der Service war gut, aber die Preise waren zu hoch.",GPT-3,2,fixed
304,fd7c6e8b-d1b6-4a02-b2fb-28c5cc4d759f,Das Ambiente war enttäuschend.,GPT-3,2,fixed
305,f3b2c1e0-505e-412e-af8b-6b13ad6d063e,Der Service war freundlich und zuvorkommend.,GPT-3,2,fixed
306,4d0a1c0c-8dfd-4f89-9835-43082ee5e248,"Die Preise sind fair, aber insgesamt war der Besuch eher durchschnittlich.",GPT-3,2,fixed
307,bdc7220c-001b-4d97-abaa-eaa49397f416,Das Restaurant hat einen positiven Gesamteindruck.,GPT-3,2,fixed
308,76afb0f1-8da7-413c-b51c-84ac658914f4,"Die Preise sind angemessen, aber die allgemeine Atmosphäre war enttäuschend, obwohl das Essen gut war, jedoch die Nachspeise nicht überzeugend und das Ambiente neutral.",GPT-3,2,fixed
309,3ccb8938-2251-4025-b458-676638494721,Das Restaurant hat uns enttäuscht.,GPT-3,2,fixed
310,e7a9f9cd-e379-4849-82db-b6c7914370ee,Das Essen war köstlich.,GPT-3,2,fixed
311,109883c2-0294-4b03-966f-327bd5ffb83b,Das Essen war enttäuschend.,GPT-3,2,fixed
312,ab0be390-4dba-4d6d-a4ec-c9bac627f24c,Die Preise sind zu hoch und die anderen Preise sind angemessen.,GPT-3,2,fixed
313,c13f441d-8ce9-49da-91b9-f1e79eeff425,Der Service war sehr langsam und unfreundlich.,GPT-3,2,fixed
314,f46adcbe-a898-4182-b54b-220ce94e1f85,Das Essen war in Ordnung.,GPT-3,2,fixed
315,be7b182b-af7c-446c-b40e-70833ec2e1d2,Die Preise sind viel zu hoch.,GPT-3,2,fixed
316,2a46f67e-27c6-4637-8ec3-d0a13ef84798,Das Essen war ausgezeichnet.,GPT-3,2,fixed
317,4966d825-2c3c-4887-84f7-4e4f058edf64,"Die Bedienung war freundlich, jedoch etwas langsam.",GPT-3,2,fixed
318,3c47f3a4-1e29-4712-a48b-354d2e57f723,Das Essen war enttäuschend und nicht besonders schmackhaft.,GPT-3,2,fixed
319,78df3ec7-5c13-41cc-af16-0a1993b54631,Das Personal war sehr unfreundlich und unprofessionell.,GPT-3,2,fixed
320,93902d82-fc19-4884-b772-9118bc59e1fa,Die Preise sind angemessen.,GPT-3,2,fixed
321,9c25d8ad-6251-4da1-8f80-444a723d0799,Es war ein enttäuschender Abend.,GPT-3,2,fixed
322,9653bcda-8531-4b70-89fc-d2be1cc59bfb,"Der Service war schlecht, aber das Essen war gut.",GPT-3,2,fixed
323,085f2203-8eee-4731-944b-fa22ae3e8b82,Das Ambiente ist durchschnittlich.,GPT-3,2,fixed
324,21f21a28-0f71-4f5f-b5af-633ccab148f6,Die Preise sind angemessen.,GPT-3,2,fixed
325,8331ff2f-bb5c-4c2e-92dc-57f196ebd13d,Der Service war sehr gut.,GPT-3,2,fixed
326,bbd87474-00e7-4f5b-bc06-4027dc299f29,Ein wirklich tolles Restaurant!,GPT-3,2,fixed
327,ff1489dc-93df-470e-b68b-74e485f9efba,Der Service war sehr aufmerksam und freundlich.,GPT-3,2,fixed
328,89fde71e-a788-493c-85d6-601fc3cc6497,Ein toller Abend mit super Atmosphäre und leckerem Essen.,GPT-3,2,fixed
329,5594b68e-e843-4a67-b653-bdf59fb05099,Die Preise sind angemessen.,GPT-3,2,fixed
330,e34a4300-d53c-4a45-a9a1-579d52fdbac1,Das Ambiente war enttäuschend.,GPT-3,2,fixed
331,253705e0-3b1a-424c-9eae-c3206ec6f7d4,"Der Service war enttäuschend, aber die Preise waren angemessen.",GPT-3,2,fixed
332,7f76d719-2128-4730-b6a0-50ef745833c4,Es war eine enttäuschende Erfahrung.,GPT-3,2,fixed
333,414d5f26-9ac7-4a3d-ae99-9a23d3177043,Es war ein durchschnittlicher Abend im Restaurant.,GPT-3,2,fixed
334,76d03864-0ba0-460c-b458-25d89feca6eb,Der Abend war leider enttäuschend und der Service war okay.,GPT-3,2,fixed
335,6f196878-f9d9-4cb5-b58b-869a9ba939ad,Die Preise sind angemessen.,GPT-3,2,fixed
336,5e9512cf-0d0a-4a12-98af-40bd72a2f227,Der Service war sehr unfreundlich.,GPT-3,2,fixed
337,5ad9281e-d03d-4f27-884d-acdf0c0f5555,Die Preise sind viel zu hoch.,GPT-3,2,fixed
338,9f0cfca1-02ca-4abc-b838-7b7a05b3358f,Das Ambiente ist sehr angenehm.,GPT-3,2,fixed
339,90e548b3-761c-4fea-804f-a2d0c88ca53b,Der Service war in Ordnung.,GPT-3,2,fixed
340,512b19ac-9e8b-4072-a6c4-7dbd62af6d57,Der Service war sehr aufmerksam und freundlich.,GPT-3,2,fixed
341,479803cf-2988-4e6f-9290-7b209e1b8926,"Der Gesamteindruck des Restaurants war enttäuschend, aber die Preise waren angemessen.",GPT-3,2,fixed
342,ad356779-e9a3-47be-886c-0bcf0cffc545,Der Service war sehr unfreundlich und langsam.,GPT-3,2,fixed
343,bd9f747a-217c-453b-bd1a-52a93ab2746f,"Der Gesamteindruck war eher durchschnittlich, das Essen war okay, aber die Preise waren angemessen.",GPT-3,2,fixed
344,4a3c649b-cc8c-4592-9137-fdf29f0d3a6f,Das Essen war sehr gut und der Preis angemessen.,GPT-3,2,fixed
345,3401e8f3-fe51-42b1-8245-bc88752d27e5,Das Essen war enttäuschend.,GPT-3,2,fixed
346,447fb3a8-63df-4fc5-9be9-a62cc1706ee2,Die Preise sind viel zu hoch.,GPT-3,2,fixed
347,cfc769f2-2f08-46d2-9e3d-3c68e070c1df,Das Restaurant hat uns enttäuscht.,GPT-3,2,fixed
348,734ee5b0-9bed-4bfa-a827-727254d17e2e,Das Ambiente ist durchschnittlich.,GPT-3,2,fixed
349,5b23f092-a4c3-4c03-8b57-13b219eae5c4,Die Preise sind angemessen.,GPT-3,2,fixed
350,7adbe0d7-bab0-469f-9092-9ca25b574e4b,Das Essen war köstlich.,GPT-3,2,fixed
351,e51d9073-784e-4eae-b130-1821e56f3f09,Ein toller Abend mit gutem Essen und freundlichem Service.,GPT-3,2,fixed
352,13eca440-72a8-499f-a054-d7d1f99e0cbc,Das Restaurant hat einen positiven Gesamteindruck.,GPT-3,2,fixed
353,ea575bb9-af93-4dcc-8476-ebdc0e6fbe90,Die Atmosphäre im Restaurant ist sehr angenehm.,GPT-3,2,fixed
354,4f7ba5ca-1a75-4d7d-a21d-d0a615f1e292,Wir waren rundum zufrieden.,GPT-3,2,fixed
355,e308771e-c3ee-4b08-b089-6a47d078be51,"Die Preise sind viel zu hoch für das, was man bekommt.",GPT-3,2,fixed
356,d6141fc6-c8ac-4a07-b7b5-33bf52656773,Die Preise sind angemessen.,GPT-3,2,fixed
357,3bfdc640-7178-4bf4-a068-f9bf7701e65d,"Die Preise sind angemessen, aber der Service lässt zu wünschen übrig.",GPT-3,2,fixed
358,d09b1549-099b-4d0b-91e4-f34dabb1e799,"Der Service war okay, aber manchmal auch etwas unfreundlich und die Preise waren angemessen.",GPT-3,2,fixed
359,fe99353b-662a-4f6e-9215-f7535135f798,"Die Preise sind angemessen, aber das Essen war enttäuschend.",GPT-3,2,fixed
360,931df65e-3b2f-49cf-a38c-3243e6b973f2,"Preis war angemessen, Ambiente war okay, Essen war enttäuschend, insgesamt eher durchschnittlich.",GPT-3,3,fixed
361,b25dffa3-bf0a-4b56-8d54-9120dd4b0061,"Sehr aufmerksamer Service, der immer für einen da ist.",GPT-3,3,fixed
362,48c169c5-62fb-47fb-9c71-42c5d4ce9b68,Das Essen war leider nicht besonders gut.,GPT-3,3,fixed
363,2f310e0b-adf3-4197-8960-960fc9b1d13b,Die Preise waren definitiv zu hoch für die Qualität des Essens.,GPT-3,3,fixed
364,563a184f-34c8-4b20-b342-d93a1dc9c53e,Der Service war in Ordnung.,GPT-3,3,fixed
365,5d50b955-9880-4b60-9e8d-5cf1ab087575,"Das Personal war sehr freundlich und aufmerksam, jedoch waren die Preise etwas zu hoch.",GPT-3,3,fixed
366,61d258d6-c798-4425-a1b4-897dacbcb01a,"Der Service war enttäuschend, die Bedienung war unfreundlich und langsam, aber das Restaurant war insgesamt in Ordnung.",GPT-3,3,fixed
367,70428246-b3bc-4f51-942a-3469f9ca0267,"Der Service war okay, aber das Ambiente hat uns nicht überzeugt.",GPT-3,3,fixed
368,2447956e-0c19-40ae-bf6e-5fa609cac398,"Der Service war in Ordnung, das Essen hat gut geschmeckt, aber die Preise waren zu hoch.",GPT-3,3,fixed
369,d0a6df3f-c373-40e5-a448-095976850865,Die Atmosphäre war durchschnittlich.,GPT-3,3,fixed
370,5ee518c6-0970-4af2-b3c3-b03c6261aa9a,"Das Restaurant hat eine durchschnittliche Gesamtbewertung, das Ambiente könnte jedoch verbessert werden und die Preise sind angemessen, aber der Service war gut.",GPT-3,3,fixed
371,da46d6ee-b5a7-4724-9194-083b861c30c7,Die Preise waren durchschnittlich.,GPT-3,3,fixed
372,8e917a0c-3a0d-4165-9b63-0aa775641876,Die Speisen waren köstlich.,GPT-3,3,fixed
373,434db2ef-f921-4d5a-abe0-6eba5d5105c9,"Das Ambiente war etwas kühl, aber die Musik war sehr angenehm.",GPT-3,3,fixed
374,b79e2a4a-866e-4896-a5d4-9b80d8740c30,Das Essen war leider enttäuschend.,GPT-3,3,fixed
375,825f15e3-0f96-4ca2-93d3-e529cf50f8d3,Der Service war sehr aufmerksam und freundlich.,GPT-3,3,fixed
376,ac3e0afb-6541-4f5b-b51c-32e9cada704d,Das Restaurant hat mich enttäuscht.,GPT-3,3,fixed
377,50068a8e-5441-4ce6-a2b4-4fae53f3713c,Die Preise waren nicht besonders günstig und insgesamt war der Eindruck eher negativ.,GPT-3,3,fixed
378,3c1432d0-0ec6-4884-9345-3d3d343a516c,"Das Essen war durchschnittlich, aber nichts Besonderes.",GPT-3,3,fixed
379,8fe726b0-e7a8-4178-95b0-6854bd5d7b22,"Das Essen war in Ordnung, aber der Service war sehr gut und auch das Preis-Leistungs-Verhältnis stimmte.",GPT-3,3,fixed
380,43c206e0-9eba-43ec-94be-44a0dfcd975f,Sehr positiver Gesamteindruck.,GPT-3,3,fixed
381,e1ae0036-499d-45c1-afcf-8435474d05e8,"Das Essen war in Ordnung, aber das Ambiente war nicht besonders.",GPT-3,3,fixed
382,ccc45e6e-a7ba-460b-a417-a67f905fdc2c,"Das Ambiente war sehr angenehm und insgesamt hatten wir einen positiven Eindruck vom Restaurant, wobei die Preise weder negativ noch positiv waren.",GPT-3,3,fixed
383,0e5d6835-71f5-4284-858e-5082e58488c9,Der Service war sehr zuvorkommend und aufmerksam.,GPT-3,3,fixed
384,5f71ea51-f99d-4ada-9eed-418b999bfe65,Die Musik war viel zu laut und störte die Unterhaltung.,GPT-3,3,fixed
385,96e3bcc4-b009-47b2-aa78-5b64be6344ac,Der Service war sehr aufmerksam und freundlich.,GPT-3,3,fixed
386,f5ee6026-d209-4ade-a438-b0f6b260f188,"Das Essen war in Ordnung, aber die Preise waren zu hoch.",GPT-3,3,fixed
387,647aed72-5586-476f-91f0-4e697f505b2b,Das Restaurant hat eine durchschnittliche Atmosphäre.,GPT-3,3,fixed
388,225cce4d-3496-4b59-81d7-980edff2adfd,"Das Restaurant hat eine angenehme Atmosphäre, das Essen ist gut und der Service ist freundlich.",GPT-3,3,fixed
389,7a918d06-e5b8-4bfa-b30a-2dd7f4aea0d3,"Das Restaurant war okay, aber die Preise waren zu hoch.",GPT-3,3,fixed
390,5c1c4d02-4224-42b3-8d29-96565b87c267,"Die Preise waren angemessen, aber das Essen war durchschnittlich.",GPT-3,3,fixed
391,4fc4f6e4-55ab-40f5-a7bb-964eefd8ac33,"Der Service war in Ordnung, die Preise waren angemessen, aber die Getränke waren etwas teuer.",GPT-3,3,fixed
392,48eb8b66-6b7a-493a-abf3-ca09f04b1986,Das Essen war sehr lecker und insgesamt hatten wir einen positiven Eindruck vom Restaurant.,GPT-3,3,fixed
393,2670a364-157d-4471-bd27-cf1cc3c7f936,Ein toller Ort mit einer gemütlichen Atmosphäre.,GPT-3,3,fixed
394,bb7f4dbd-7de0-44bb-a7b7-f808f6bdf952,"Der Service war in Ordnung, nichts Besonderes.",GPT-3,3,fixed
395,27d80216-c56a-40f4-aef5-6739ecc9bc4f,Der Service war in Ordnung.,GPT-3,3,fixed
396,1a7bd42e-9249-43bd-9daf-283a97c3ceb7,Ein sehr gutes Restaurant mit angemessenen Preisen.,GPT-3,3,fixed
397,2d72c5af-a4d2-423f-a51f-34e0ee72bdd2,Die Preise waren angemessen.,GPT-3,3,fixed
398,036bf972-869d-41b3-82eb-b3512a3d57b7,"Das Restaurant hat eine durchschnittliche Atmosphäre, der Service war in Ordnung, aber insgesamt war der Eindruck eher neutral.",GPT-3,3,fixed
399,19a3fe89-4aad-426d-97f9-020708bfaca7,Das Lokal hat eine sehr angenehme Atmosphäre.,GPT-3,3,fixed
400,7cbe42c8-0439-45cf-bde6-5f5fc2b01a05,"Das Essen war zwar nicht besonders, aber die Preise waren angemessen.",GPT-3,3,fixed
401,69d2d65d-6de2-45ac-bdda-0e4c0e512ef6,"Das Essen ist zwar etwas teuer, aber die Qualität rechtfertigt den Preis.",GPT-3,3,fixed
402,55170fee-4e16-4f3e-ab5a-190ab7bf3699,"Das Essen war ausgezeichnet, aber der Service war sehr unfreundlich.",GPT-3,3,fixed
403,68603d33-103b-47ab-93c1-4eb68a8eb711,Der Service war durchschnittlich.,GPT-3,3,fixed
404,487e3a89-48a9-4313-a092-f9bc7e90f35a,Das Personal war sehr freundlich und die Atmosphäre war angenehm.,GPT-3,3,fixed
405,36f42b53-7110-4398-b990-a27a4cdf08de,"Das Restaurant hat eine positive Gesamtwirkung, aber das Ambiente und der Service waren eher negativ.",GPT-3,3,fixed
406,0ef88e31-4044-409e-bc91-237f516b4ed0,Die Atmosphäre war sehr angenehm und gemütlich.,GPT-3,3,fixed
407,a8fe38c2-9d91-4c7b-befe-9b9f5a40b192,Das Restaurant hat uns enttäuscht und der Preis war angemessen.,GPT-3,3,fixed
408,16e02264-de6f-4a39-9804-de715f0dbf72,Das Essen war wirklich köstlich.,GPT-3,3,fixed
409,299ce875-a9bf-4efe-9e8d-6ed6ad03e553,Das Essen war leider nicht besonders gut.,GPT-3,3,fixed
410,ead47110-445b-4838-b1df-686c1e56e12a,Der Preis war angemessen und der Service war gut.,GPT-3,3,fixed
411,f71d423b-327c-44db-93d1-2dd354c31cc5,"Die Preise waren zu hoch, das Restaurant war enttäuschend, aber das Essen war gut, der Service war in Ordnung und das Ambiente war nicht besonders.",GPT-3,3,fixed
412,6fa0bebd-5fd0-499f-9d54-06fa1ed3498f,"Der Preis für die Getränke war übertrieben hoch, aber das Essen hatte ein gutes Preis-Leistungs-Verhältnis.",GPT-3,3,fixed
413,6ce3e322-7d35-4f37-af6d-c5cc349c139a,Die Preise waren viel zu hoch für die Qualität des Essens.,GPT-3,3,fixed
414,14c66b70-2f12-4490-867c-8729d1356472,Das Essen war in Ordnung.,GPT-3,3,fixed
415,452af7f2-6191-4c63-8079-11e0d62fe9d4,Das Restaurant hat eine durchschnittliche Atmosphäre.,GPT-3,3,fixed
416,7bf2f5bd-a0b6-41b7-a6fe-4be9d2af91bf,Die Atmosphäre war sehr angenehm und gemütlich.,GPT-3,3,fixed
417,785c1474-d006-4490-93b2-de9aa46f81f8,Die Preise waren zu hoch.,GPT-3,3,fixed
418,cc5c2f6a-1522-4f86-a0da-afbb73e35a6a,"Das Restaurant war enttäuschend, der Service war schlecht, aber das Ambiente war angenehm.",GPT-3,3,fixed
419,bbf5f452-0da0-470b-8724-32971c74c5fd,"Generell ein positives Erlebnis, aber der Service war sehr unhöflich und unfreundlich.",GPT-3,3,fixed
420,bfe05fa2-9c48-45f6-8211-6c43f20f9cf5,Ein tolles Restaurant mit leckerem Essen und freundlichem Service.,GPT-3,3,fixed
421,ed8d3bd3-8ff4-4771-b667-5418f2621057,Das Essen war wirklich lecker.,GPT-3,3,fixed
422,7495a0bc-59c2-49c6-9403-31ea6d0aaab0,Die Preise waren viel zu hoch für das Gebotene.,GPT-3,3,fixed
423,4339e651-2d3c-424e-bfb7-2094ccf3f690,"Das Essen war zwar gut, aber die Preise waren etwas hoch.",GPT-3,3,fixed
424,e3c77c5f-fc02-4980-bda8-102c51926a9b,Ein toller Ort mit freundlichem Personal und leckerem Essen.,GPT-3,3,fixed
425,80e8b7ca-e453-40a9-a1e7-a0b7153d0a97,"Das Essen war lecker, der Service war in Ordnung, aber ein Gericht war nicht gut.",GPT-3,3,fixed
426,62cde1c3-134b-43a3-8ac1-0c72455cf63e,Das Essen war durchschnittlich.,GPT-3,3,fixed
427,ae1d4bd8-ae0d-4728-9082-03704c4f8cf9,Das Restaurant hinterließ einen durchschnittlichen Eindruck.,GPT-3,3,fixed
428,78045ab0-6447-4a9e-bd0c-499bc5ad08e5,Das Essen war köstlich.,GPT-3,3,fixed
429,0af2f23a-b071-4ea3-a2af-1d3761c3b76f,"Das Essen war okay, aber nicht besonders beeindruckend.",GPT-3,3,fixed
430,dfbc0c95-1237-486a-ba66-557609fb4786,"Das Essen war okay, aber die Lage und der Preis waren nicht gut, das Ambiente war angenehm und der Gesamteindruck war neutral.",GPT-3,3,fixed
431,93f1e553-fbfb-49df-a4be-bb2df281e5a8,Das Personal war sehr unfreundlich und unprofessionell.,GPT-3,3,fixed
432,77fcbf96-ecf0-46c9-8b1c-ffbb7134eea9,Das Essen war enttäuschend.,GPT-3,3,fixed
433,2fde85f1-d44b-48a7-9e74-14167f23c5e8,Der Service war sehr zuvorkommend und aufmerksam.,GPT-3,3,fixed
434,8ef7dd6e-8efb-44b4-b2c9-fb70b499b4bd,"Toller Gesamteindruck, angemessene Preise und das Essen war in Ordnung.",GPT-3,3,fixed
435,99db9922-9cb1-43d2-bc8f-702cb5c71195,Die Preise sind angemessen.,GPT-3,3,fixed
436,45d0179f-63c3-43b2-9f38-7d7be71f84e2,"Die Preise waren angemessen, aber das Ambiente ließ zu wünschen übrig.",GPT-3,3,fixed
437,bdd8b0e7-c8ac-42cd-9115-97d6f9849391,"Das Restaurant hat eine durchschnittliche Gesamtwertung, die Preise sind weder besonders günstig noch teuer.",GPT-3,3,fixed
438,4bcd91e3-749c-4beb-a5da-511bba67a5bb,Der Service war in Ordnung und die Preise waren angemessen.,GPT-3,3,fixed
439,60e25470-6cb0-41c3-9327-e7d599febe25,Das Restaurant hat eine angenehme Atmosphäre.,GPT-3,3,fixed
440,11243e41-d8df-4837-994e-b103bb99d8de,Das Ambiente war durchschnittlich.,GPT-3,3,fixed
441,5e10e397-cc83-44e9-8735-708be2590172,Das Personal war sehr unfreundlich.,GPT-3,3,fixed
442,3a0d4ff5-7f79-4725-8c51-bc1c1110a791,Der Service war sehr aufmerksam und freundlich.,GPT-3,3,fixed
443,c63e2d54-56d8-43e5-a41d-d3be4ec12ffb,Die Preise waren viel zu hoch für die Qualität des Essens.,GPT-3,3,fixed
444,e2c5d8dd-392f-477a-9793-41fc879ce4d3,"Das Essen war enttäuschend, die allgemeine Atmosphäre war nicht angenehm, der Service war in Ordnung und das Preis-Leistungs-Verhältnis war gut.",GPT-3,3,fixed
445,d6643d1a-e68c-4098-b3dc-dfe2b404fa23,Die Preise waren viel zu hoch für das Gebotene.,GPT-3,3,fixed
446,6224c975-b162-471f-8e87-2453c95eecd2,Der Service war durchschnittlich.,GPT-3,3,fixed
447,15967649-2513-41b5-94d2-ca40afe6596d,Der Service war sehr aufmerksam und freundlich.,GPT-3,3,fixed
448,e384d541-458c-4b46-a8c4-c1ed5c8bb805,Das Essen war wirklich gut und insgesamt hatte ich einen positiven Eindruck von dem Restaurant.,GPT-3,3,fixed
449,666dbe7b-7f0d-4718-9f4a-52ee19f12b01,"Der Gesamteindruck des Restaurants war okay, der Service war auch in Ordnung.",GPT-3,3,fixed
450,8bd6db71-36e3-4d79-936a-b43b06441e13,Das Essen war leider nicht besonders gut.,GPT-3,3,fixed
451,5fe595fb-5c33-43be-aa81-7c9c3ba2cfe4,Das Essen war leider nicht besonders gut.,GPT-3,3,fixed
452,ad2090cd-1530-49f7-a723-a956ae9808c4,"Das Essen war durchschnittlich, weder besonders gut noch schlecht.",GPT-3,3,fixed
453,d37189a0-31c4-4d34-888a-275f92ea4d37,Das Restaurant hatte eine ungemütliche Atmosphäre.,GPT-3,3,fixed
454,fb1675a9-f0d8-44d1-b10f-1760aec32726,Das Restaurant hat eine eher ungemütliche Atmosphäre.,GPT-3,3,fixed
455,09f6d23b-c463-40bd-b1b8-54c1a8ed6073,Die Musik war viel zu laut und hat die Atmosphäre gestört.,GPT-3,3,fixed
456,b4f2914d-1dbf-49d6-9456-08ed9a5acae1,Tolles Restaurant mit super Essen!,GPT-3,3,fixed
457,40c4c0ec-ccd5-406c-8565-18ebb9bcc157,Die Lautstärke im Restaurant war für mich persönlich zu hoch.,GPT-3,3,fixed
458,4eb3635d-4538-43fe-b042-5388d559d392,"Der Service war in Ordnung, aber nichts Besonderes.",GPT-3,3,fixed
459,980fd0b7-d101-48b2-b77c-6b9bb023d424,Der Preis war angemessen und das Ambiente war okay.,GPT-3,3,fixed
460,26e7b344-bc24-4c05-a661-0069395abf40,Der Service war ausgezeichnet.,GPT-3,3,fixed
461,ed1e73a8-5049-49af-aae2-4904fe8ac8f4,Das Restaurant war sehr laut und ungemütlich.,GPT-3,3,fixed
462,95459bb7-4412-483c-baa4-23c9d86bdb55,"Das Essen war in Ordnung, aber nicht besonders beeindruckend.",GPT-3,3,fixed
463,a03d35c1-f337-42ed-b75e-ac09a84e775c,Das Essen war sehr lecker und das Ambiente schön.,GPT-3,3,fixed
464,1eef8540-4d11-4cf4-8cd3-1f02dbc13920,Die Preise waren viel zu hoch für die Qualität des Essens.,GPT-3,3,fixed
465,9deb954d-a206-416e-8ba5-49c04c7af2c9,Das Restaurant hat eine durchschnittliche Atmosphäre und einen neutralen Gesamteindruck.,GPT-3,3,fixed
466,85554fbf-e68d-488f-b683-96f34c516ca1,Das Ambiente war nicht besonders ansprechend.,GPT-3,3,fixed
467,bb05e80a-2d41-45aa-80c6-45ed223a16c3,Das Servicepersonal war sehr unfreundlich und unprofessionell.,GPT-3,3,fixed
468,4809f162-0f9a-43b7-ad4e-0417b8b03e11,"Das Essen war gut, aber die Preise waren zu hoch.",GPT-3,3,fixed
469,6862b92e-6217-4b73-87f8-fe8d74c3c930,Die Einrichtung war etwas veraltet und könnte eine Renovierung gebrauchen.,GPT-3,3,fixed
470,dae494a1-c01d-4021-82a5-b7a1c305823b,Die Preise waren zu hoch für die Qualität der Speisen.,GPT-3,3,fixed
471,1567eba0-caa6-4537-bd8f-fd151c46ee13,Das Essen war durchschnittlich.,GPT-3,3,fixed
472,1159169a-b92d-41b6-9763-0401e4a217bf,Die Preise waren angemessen.,GPT-3,3,fixed
473,7195e857-8376-4128-b9d5-14e2ad5c1207,Der Service war sehr langsam und unfreundlich.,GPT-3,3,fixed
474,d1b5bf5c-b796-4831-8a3c-09f6eb797829,"Es war nicht gerade der beste Eindruck, aber der Service war in Ordnung.",GPT-3,3,fixed
475,1519d4b0-85a4-4312-802e-62cb083bae26,Das Restaurant hinterließ einen durchschnittlichen Eindruck.,GPT-3,3,fixed
476,0771f684-f1c2-4af3-97e3-0c9bd36e0de2,"Das Essen war in Ordnung, aber die Preise waren auch nicht besonders günstig.",GPT-3,3,fixed
477,35ca8f17-b78c-4b74-9891-43eef13c4c75,"Der Service war in Ordnung, nichts Besonderes aber auch nichts Schlechtes.",GPT-3,3,fixed
478,abb04bf9-4bc9-4a00-935b-4fd759530b58,"Das Essen war in Ordnung, aber es gab nichts Besonderes.",GPT-3,3,fixed
479,1e9914b6-85d4-4d76-a8df-5a92c57b91a0,"Es war okay, aber nichts Besonderes.",GPT-3,3,fixed
480,5645286a-2a27-48d1-a423-d5bb00cf59cd,"Das Restaurant hat eine tolle Atmosphäre, aber das Ambiente könnte etwas gemütlicher sein.",GPT-3,4,fixed
481,8006e96e-9154-4bd0-9657-48c58ba97f20,Der Service war sehr unfreundlich und langsam.,GPT-3,4,fixed
482,46bd0d82-0601-48b6-9ff9-aaec99a96de2,"Das Essen war okay, aber insgesamt waren wir enttäuscht.",GPT-3,4,fixed
483,92a62374-0c49-47c9-9d3a-5b59dbe01271,Die Preise sind angemessen.,GPT-3,4,fixed
484,fbaf3bd2-130e-41be-bde9-7dc0fea114b6,Das Lokal war sehr laut und überfüllt.,GPT-3,4,fixed
485,bf3f04b5-8cc3-401c-b39d-2846ef92bab6,Die Preise sind viel zu hoch für die Qualität des Essens.,GPT-3,4,fixed
486,e161ae5e-2706-40c1-b1a7-8a3851dfd676,"Das Essen war sehr lecker und auch der Service war größtenteils freundlich, jedoch gab es auch einige negative Erfahrungen, wodurch meine allgemeine Impression neutral ist.",GPT-3,4,fixed
487,ae091daf-39a7-458c-a5b6-fb2d2942d453,Das Restaurant hat einen schlechten Gesamteindruck hinterlassen.,GPT-3,4,fixed
488,12ad526d-6b11-42a8-94ca-6da15f9ae441,"Die Speisen waren okay, aber nicht besonders beeindruckend.",GPT-3,4,fixed
489,1d763baf-52e4-4678-b53d-156e04a3baad,Die Preise waren angemessen und das Gesamtbild des Restaurants war durchschnittlich.,GPT-3,4,fixed
490,fa43128b-4f66-4c11-80ae-2f43eeed21c9,"Das Restaurant war okay, aber nichts Besonderes.",GPT-3,4,fixed
491,613ec3c5-b166-49ea-8be7-a29f16f03209,"Das Restaurant ist insgesamt sehr gut, aber der Service lässt zu wünschen übrig.",GPT-3,4,fixed
492,f787af3b-222d-4663-8cfa-6fcfc9fa0dc4,Das Preis-Leistungs-Verhältnis ist angemessen.,GPT-3,4,fixed
493,d90a942c-b5e6-422d-b1e7-f12a628bf410,"Das Essen war nicht besonders gut, aber preislich war es in Ordnung.",GPT-3,4,fixed
494,ed957b9b-6942-458e-93f3-9cf8ad1bc869,"Das Restaurant war sehr laut und ungemütlich, aber insgesamt war der Besuch okay.",GPT-3,4,fixed
495,4be0099b-8da5-4842-9615-687f8c29b526,Der Service war in Ordnung.,GPT-3,4,fixed
496,e72d2378-6961-4858-9344-6e957363921d,Die Preise sind angemessen.,GPT-3,4,fixed
497,abbdd5c9-2c4a-47e1-8664-28adfafd88bc,"Die Preise sind zu hoch für das Essen, aber insgesamt war der Besuch positiv.",GPT-3,4,fixed
498,e7a1c4ed-1840-4824-8604-087d518551b3,Das Essen war wirklich gut.,GPT-3,4,fixed
499,36dcebdb-953c-412d-81bc-c0f1cb042645,"Das Ambiente ist sehr angenehm, jedoch sind die Preise etwas zu hoch.",GPT-3,4,fixed
500,a07ac729-5b8a-4970-93db-bf182dca7aab,Der Service war freundlich und zuvorkommend.,GPT-3,4,fixed
501,cbbf76f2-c58d-4e95-9aba-fee06ac57aa6,Das Restaurant hat einen durchschnittlichen Gesamteindruck.,GPT-3,4,fixed
502,dead4826-4536-456a-952b-28d46bae61cd,"Das Lokal war okay, aber nichts Besonderes.",GPT-3,4,fixed
503,5cac5ab8-43a8-465e-89ba-6f0392dbf4d6,"Das Essen war okay, aber das Ambiente war nicht besonders.",GPT-3,4,fixed
504,d259914b-6f39-4f86-aa27-cef57d00dde0,"Das Essen war zwar okay, aber für die Qualität viel zu teuer.",GPT-3,4,fixed
505,6842d947-fc3a-402b-b9ee-cc7ee54879c1,Das Ambiente des Restaurants ist weder besonders positiv noch negativ.,GPT-3,4,fixed
506,7eb03abc-5154-4754-b94a-bd62e8fed75e,Die Preise sind angemessen.,GPT-3,4,fixed
507,74c4f59d-d5ae-47ff-826d-c788a5be9c74,Die Preise waren angemessen.,GPT-3,4,fixed
508,ccd9cfcc-ccf0-4da7-9b0c-b9d4c542475d,Die Preise sind viel zu hoch für die Qualität des Essens.,GPT-3,4,fixed
509,3f955e93-901c-49a5-911d-14ee83d495ac,"Das Restaurant hat eine angenehme Atmosphäre, aber insgesamt war mein Eindruck nicht gut und die Preise waren angemessen.",GPT-3,4,fixed
510,ca2d07a2-28b3-4c6a-b505-743362fa4b44,"Das Restaurant war okay, aber nicht besonders beeindruckend.",GPT-3,4,fixed
511,5c0a6163-577b-4dbc-a6b7-4fa43f6c25b9,Ich werde nie wieder in diesem Restaurant essen.,GPT-3,4,fixed
512,0e013143-cd71-431a-ba99-95b84d3cd382,Der Service war in Ordnung.,GPT-3,4,fixed
513,2fea74cd-6a5b-4736-adee-7a09dde23cd4,"Die Atmosphäre war sehr angenehm, aber insgesamt war der Gesamteindruck eher negativ.",GPT-3,4,fixed
514,71d684ae-7fbf-43c6-afc9-befcd6d6569a,Der Service war sehr langsam und unfreundlich.,GPT-3,4,fixed
515,e7320b0d-1a3d-435e-b08f-45f50a2bca3d,"Das Essen ist zwar nicht billig, aber die Qualität rechtfertigt die Preise.",GPT-3,4,fixed
516,5ea72ad8-4cd4-477b-9176-432c513da210,"Das Ambiente war sehr schön, aber der Service war enttäuschend.",GPT-3,4,fixed
517,1d5fc4d3-a2b2-4262-a823-c075e7e352dc,"Der Service war sehr unfreundlich, aber das Essen war gut, insgesamt war der Eindruck nicht so positiv.",GPT-3,4,fixed
518,720f93d2-7983-40ef-beb3-3cf63a2c50a1,Wir hatten einen sehr positiven Eindruck vom Restaurant.,GPT-3,4,fixed
519,83ce8908-5e9d-4d64-9a7e-e54444e87e8e,Der Service war in Ordnung.,GPT-3,4,fixed
520,c0f40eed-f6ba-4588-9486-47df6deec77f,"Das Restaurant war okay, aber nichts Besonderes.",GPT-3,4,fixed
521,e5b76a88-e082-49b8-ae06-2824d5832809,Der Service war in Ordnung.,GPT-3,4,fixed
522,e577b4d0-33cc-449b-a623-66897d2bfa0c,Das Restaurant hinterließ bei mir einen eher neutralen Eindruck.,GPT-3,4,fixed
523,fb6c3031-5349-4d6d-b71b-153fd10209f2,Das Restaurant war sehr laut und ungemütlich.,GPT-3,4,fixed
524,4dff982a-6ae8-48fd-90ee-cfe678f205dd,Das Essen war okay.,GPT-3,4,fixed
525,b8bc7e96-4982-418c-8a42-85cbf0ec46df,Die Preise sind angemessen.,GPT-3,4,fixed
526,0b070265-2b64-41c7-9c26-b559a23fcc01,"Die Preise sind etwas hoch, aber das Essen ist wirklich gut.",GPT-3,4,fixed
527,b981c99b-d6dd-4ebe-8fed-0b6600e3ee59,Das Essen war okay.,GPT-3,4,fixed
528,32a7d30b-1b86-4c0f-8ec9-d054e183dda4,Die Preise sind angemessen.,GPT-3,4,fixed
529,3f578a9b-48e5-4cfe-bfd9-b963f009f423,Das Restaurant hat ein durchschnittliches Ambiente.,GPT-3,4,fixed
530,5e6ad0a9-fc81-4262-a2c2-9410dde28248,"Die Preise sind sehr hoch, aber das Restaurant hat eine tolle Atmosphäre.",GPT-3,4,fixed
531,225eacab-7d58-4681-bf63-d7396ac6b176,Das Essen war sehr lecker.,GPT-3,4,fixed
532,cca3566a-b36e-4a68-92b0-f3cebad6bb8b,Das Essen war in Ordnung.,GPT-3,4,fixed
533,b1fe1f41-38df-41c2-b4a5-44228bb7cb78,"Das Personal war freundlich, aber die Gesamteindruck des Restaurants und das Ambiente waren enttäuschend.",GPT-3,4,fixed
534,68751880-af84-45f7-8be0-fb7a2cd7c316,"Das Personal war freundlich, aber das Ambiente war nichts Besonderes.",GPT-3,4,fixed
535,be39629a-126c-4ec3-af60-5811d401516e,"Der Service war sehr gut, aber das Essen war enttäuschend.",GPT-3,4,fixed
536,4d228196-1a30-4518-b5e3-885eabf59252,Das Personal war sehr freundlich und zuvorkommend.,GPT-3,4,fixed
537,39bcfe2e-3a81-4b83-8385-2342fe01d3a8,"Das Restaurant hat eine durchschnittliche Einrichtung, aber das Licht ist zu hell.",GPT-3,4,fixed
538,b56f4d9b-2f2f-4562-9359-27c9ae37a232,"Die Preise sind etwas hoch, aber das Essen ist wirklich gut.",GPT-3,4,fixed
539,f636c1b9-0398-42e0-92fb-61ffd3f83cc2,Das Restaurant hinterlässt einen durchschnittlichen Eindruck.,GPT-3,4,fixed
540,f0f6d9d7-59d2-40ec-86bd-e5f392820fe5,"Das Essen war sehr lecker, aber das Ambiente hat uns nicht gefallen.",GPT-3,4,fixed
541,5c5321f1-8f2a-4358-8073-101d63d75e18,Der Service war sehr aufmerksam und freundlich.,GPT-3,4,fixed
542,6181821b-339c-4a33-a6fd-9d49a3d627ab,Der Service war in Ordnung.,GPT-3,4,fixed
543,e0e5f311-e73b-4187-a072-fcd46c87e8e9,Die Preise sind angemessen.,GPT-3,4,fixed
544,b7e87e6c-6cc8-42fe-9d09-08aa9a0fed5a,Das Essen war wirklich lecker.,GPT-3,4,fixed
545,a86435da-4f90-4b19-b614-44ae2c52baea,"Das Personal war freundlich und aufmerksam, aber insgesamt war der Eindruck des Restaurants eher durchschnittlich.",GPT-3,4,fixed
546,0bd1b299-a769-42ac-a9b1-a1695eafcef4,"Die Atmosphäre war sehr angenehm, aber das Gesamtbild und das Essen waren eher durchschnittlich.",GPT-3,4,fixed
547,9af90e52-afff-49e8-8bb8-8a9c7992af90,Die Preise sind angemessen.,GPT-3,4,fixed
548,8058d51a-3e31-4a67-b170-32c380815707,Das Ambiente ist sehr angenehm und ansprechend gestaltet.,GPT-3,4,fixed
549,1f5f418c-7db8-4f16-8b7a-530762cd630e,"Für das, was man hier bekommt, sind die Preise viel zu hoch.",GPT-3,4,fixed
550,1fcf22ca-8532-402e-b86c-1abf8c653e1c,Der Service war sehr enttäuschend und das Personal war unfreundlich.,GPT-3,4,fixed
551,119ab139-79ab-478d-92dd-c39acddf9d2f,Der Service war durchschnittlich.,GPT-3,4,fixed
552,1769f10d-ffc6-49f2-8992-4d5a0ff354e6,Das Essen war okay.,GPT-3,4,fixed
553,de256be6-4929-4352-a4f0-ff158bab9ecd,"Die Einrichtung war in Ordnung, die Preise angemessen und das Ambiente durchschnittlich, genauso wie das Essen.",GPT-3,4,fixed
554,c969d4a6-9f52-402d-b498-555cd3fdc7c7,Der Service war sehr unfreundlich und langsam.,GPT-3,4,fixed
555,b8bc66f3-37f0-4216-a008-bc1db0f2ce8a,Das Restaurant hat eine angenehme Atmosphäre.,GPT-3,4,fixed
556,ca778f19-a54c-473b-bc0c-32a18acfbab9,"Es war okay, aber nichts Besonderes.",GPT-3,4,fixed
557,8c94bc19-004e-488c-95eb-c118bd92dc1a,Es war okay.,GPT-3,4,fixed
558,c80f640c-11f7-4b33-92bb-9b2ad8d24095,Das Restaurant hat uns enttäuscht und wir können es nicht weiterempfehlen.,GPT-3,4,fixed
559,d03414bd-b64d-4e98-a465-e06f586d4819,Das Essen war sehr lecker.,GPT-3,4,fixed
560,a16639b2-b061-444b-aa77-d22c3d5faf1e,Das Personal war sehr unfreundlich und inkompetent.,GPT-3,4,fixed
561,f80188cd-125c-44db-844b-d0eab91db640,"Das Ambiente war enttäuschend, aber das Essen war sehr gut.",GPT-3,4,fixed
562,fb7c5385-ebe5-492f-8cee-4a8af0a9cf85,Die Preise sind angemessen.,GPT-3,4,fixed
563,7aef6740-3682-46f0-8372-49832d03167b,Wir waren sehr zufrieden mit dem Restaurant und können es nur weiterempfehlen.,GPT-3,4,fixed
564,0c1168ce-8dd5-45fe-9ccc-6394a75b6a5e,"Das Ambiente war sehr angenehm, insgesamt hatten wir einen positiven Eindruck vom Restaurant und der Service war in Ordnung.",GPT-3,4,fixed
565,e7b9c08b-eb91-4e76-9409-2e06f4ba7437,Die Preise sind angemessen.,GPT-3,4,fixed
566,feb7e13d-0d6d-4b91-93e5-0d3ecdbae97d,Das Restaurant war sehr laut und ungemütlich.,GPT-3,4,fixed
567,277eb47b-21ec-4587-9201-f7e0227b01da,Das Restaurant hat uns insgesamt sehr gut gefallen.,GPT-3,4,fixed
568,88b58989-87a9-494a-bf30-a8b25704065f,"Ein tolles Ambiente, angemessene Preise und insgesamt eine positive Eindruck vom Restaurant.",GPT-3,4,fixed
569,dae28ae8-3485-43ec-a35f-73c333520d88,"Das Restaurant ist etwas klein, aber das Ambiente ist sehr gemütlich.",GPT-3,4,fixed
570,70240b35-e506-4408-b09b-b74891f53682,Die Atmosphäre war sehr angenehm.,GPT-3,4,fixed
571,68e9b253-c8e0-458d-a96c-6f95dd82d1a0,Das Essen war köstlich.,GPT-3,4,fixed
572,b6dcac02-7791-43f9-9052-9ce9c3ad3dd8,Der Service war in Ordnung.,GPT-3,4,fixed
573,11b5b844-5584-4355-a593-08db886aaca1,"Es tut mir leid, aber ich kann Ihnen nicht dabei helfen, eine genaue Restaurant-Bewertung zu erzeugen.",GPT-3,4,fixed
574,aac6bb05-2100-4308-8696-a9ffd205b3b1,Das Restaurant hat eine durchschnittliche Atmosphäre.,GPT-3,4,fixed
575,7741a287-2a38-4425-9923-2de630a25689,Das Essen war in Ordnung.,GPT-3,4,fixed
576,1e358b89-fade-4847-a350-28285363660d,Das Essen war köstlich.,GPT-3,4,fixed
577,268450cc-a9ad-4eae-98fd-3ff90f6b7fc0,Die Atmosphäre war sehr angenehm.,GPT-3,4,fixed
578,cd0686dc-e617-4498-9ae2-51af9a1183be,"Das Essen war lecker, aber das Dessert war enttäuschend.",GPT-3,4,fixed
579,1aaff60d-fb6c-4f3f-904b-d1f7815d90ee,Der Service war sehr unfreundlich und unprofessionell.,GPT-3,4,fixed
580,67471e5c-ed22-421c-8ee1-9b28cd42fb71,Das Servicepersonal war unfreundlich und langsam.,GPT-3,4,fixed
581,67ef1a1d-1d58-4b42-ac08-060b1944c038,Die Preise waren viel zu hoch für die Qualität des Essens.,GPT-3,4,fixed
582,0027e292-91f5-422b-aeea-327cd119bad8,"Das Personal war unfreundlich, das Essen war durchschnittlich, das Preis-Leistungs-Verhältnis war angemessen, das Ambiente war okay und der Gesamteindruck war neutral.",GPT-3,4,fixed
583,c87a60b4-6a40-41ff-b1e5-58f716cad5b9,"Das Restaurant hat eine angenehme Atmosphäre, aber das Essen war durchschnittlich.",GPT-3,4,fixed
584,28c8fe9f-d65b-4632-bb05-6e431ab70588,"Das Restaurant war enttäuschend, das Essen war nicht gut und das Ambiente war durchschnittlich.",GPT-3,4,fixed
585,1727ae68-6958-441c-844e-cc6dbc39dba5,Das Restaurant war sehr laut und ungemütlich.,GPT-3,4,fixed
586,60c61ba6-e467-46df-a346-4c208fc21771,Die Preise sind viel zu hoch für die Qualität des Essens.,GPT-3,4,fixed
587,2ba3e47e-2884-4960-95de-b10953617715,Wir hatten einen insgesamt positiven Eindruck von dem Restaurant.,GPT-3,4,fixed
588,24be8d4c-b120-4af0-b6d7-fbb961fb6a3e,Der Service war sehr freundlich und aufmerksam.,GPT-3,4,fixed
589,d5b5da79-74c6-4af1-8a83-046850b3dfe1,Der Service war in Ordnung.,GPT-3,4,fixed
590,c7985bba-c26f-4729-b9f8-b2a569137141,Der Service war in Ordnung.,GPT-3,4,fixed
591,72ae1664-f3f4-4664-9986-46ae0c7fb3a5,Die Atmosphäre war sehr angenehm und gemütlich.,GPT-3,4,fixed
592,c31a81f1-3694-483a-a2d1-65de76d49785,"Das Restaurant war enttäuschend, das Essen war okay, der Service war schlecht und die Preise waren angemessen.",GPT-3,4,fixed
593,34d81b3b-de08-4394-8ca7-0ac788c99432,"Das Restaurant war okay, aber nichts Besonderes.",GPT-3,4,fixed
594,c215c03b-b967-4fa6-8056-ae7bb9f6f611,"Das Essen war in Ordnung, aber das Ambiente war nichts Besonderes.",GPT-3,4,fixed
595,21740dd7-85c5-4c34-81a9-cf2bfb211e1a,"Das Restaurant hat eine eher durchschnittliche Atmosphäre, aber insgesamt waren wir mit dem Restaurant zufrieden, obwohl das Essen nicht so gut war.",GPT-3,4,fixed
596,9ba1ca94-3bf6-4ca7-b7a5-aafa6a351242,Das Essen war köstlich.,GPT-3,4,fixed
597,a7807724-4791-495c-b9b2-3d2feb9b61bd,Das Restaurant hinterließ einen durchschnittlichen Eindruck.,GPT-3,4,fixed
598,29989208-4a1b-409a-9e49-8cc3f1401f3f,Das Essen war in Ordnung.,GPT-3,4,fixed
599,f5542a77-92f6-4c3c-889e-55e6c8e223cd,Die Einrichtung ist etwas veraltet und das Ambiente eher langweilig.,GPT-3,4,fixed
